date,time,open,high,low,close,volume,utc
Mon-06-Jan-25,13:32:00,99317,99328,99290,99290,3376778,1736170320.0
Mon-06-Jan-25,13:33:00,99290,99300,99218,99232,9035390,1736170380.0
Mon-06-Jan-25,13:34:00,99232,99233,99182,99200,4366208,1736170440.0
Mon-06-Jan-25,13:35:00,99200,99200,99134,99190,4662400,1736170500.0
Mon-06-Jan-25,13:36:00,99190,99224,99190,99209,2479750,1736170560.0
Mon-06-Jan-25,13:37:00,99209,99224,99181,99197,6250167,1736170620.0
Mon-06-Jan-25,13:38:00,99197,99205,99150,99180,3670289,1736170680.0
Mon-06-Jan-25,13:39:00,99180,99180,99091,99112,3768840,1736170740.0
Mon-06-Jan-25,13:40:00,99112,99178,99112,99178,2378688,1736170800.0
Mon-06-Jan-25,13:41:00,99178,99262,99178,99224,6248214,1736170860.0
Mon-06-Jan-25,13:42:00,99224,99233,99140,99192,13792136,1736170920.0
Mon-06-Jan-25,13:43:00,99192,99230,99192,99210,2876568,1736170980.0
Mon-06-Jan-25,13:44:00,99210,99247,99210,99233,1884990,1736171040.0
Mon-06-Jan-25,13:45:00,99233,99233,99168,99176,6251679,1736171100.0
Mon-06-Jan-25,13:46:00,99176,99195,99159,99187,1190112,1736171160.0
Mon-06-Jan-25,13:47:00,99187,99246,99159,99241,3570732,1736171220.0
Mon-06-Jan-25,13:48:00,99241,99254,99230,99250,2084061,1736171280.0
Mon-06-Jan-25,13:49:00,99250,99250,99240,99240,794000,1736171340.0
Mon-06-Jan-25,13:50:00,99240,99256,99219,99222,4168080,1736171400.0
Mon-06-Jan-25,13:51:00,99222,99344,99222,99344,6846318,1736171460.0
Mon-06-Jan-25,13:52:00,99344,99371,99344,99362,4967200,1736171520.0
Mon-06-Jan-25,13:53:00,99362,99372,99354,99372,2583412,1736171580.0
Mon-06-Jan-25,13:54:00,99372,99458,99372,99423,17588844,1736171640.0
Mon-06-Jan-25,13:55:00,99423,99491,99423,99471,8749224,1736171700.0
Mon-06-Jan-25,13:56:00,99471,99474,99423,99456,5868789,1736171760.0
Mon-06-Jan-25,13:57:00,99456,99497,99456,99497,3282048,1736171820.0
Mon-06-Jan-25,13:58:00,99497,99538,99443,99461,19998897,1736171880.0
Mon-06-Jan-25,13:59:00,99461,99477,99445,99460,3381674,1736171940.0
Mon-06-Jan-25,14:00:00,99460,99473,99397,99428,4674620,1736172000.0
Mon-06-Jan-25,14:01:00,99428,99470,99420,99446,4673116,1736172060.0
Mon-06-Jan-25,14:02:00,99446,99547,99446,99528,7657342,1736172120.0
Mon-06-Jan-25,14:03:00,99528,99552,99519,99535,4478760,1736172180.0
Mon-06-Jan-25,14:04:00,99535,99569,99522,99549,5573960,1736172240.0
Mon-06-Jan-25,14:05:00,99549,99549,99465,99465,3484215,1736172300.0
Mon-06-Jan-25,14:06:00,99465,99465,99309,99331,13726170,1736172360.0
Mon-06-Jan-25,14:07:00,99331,99350,99248,99350,8145142,1736172420.0
Mon-06-Jan-25,14:08:00,99350,99392,99314,99390,4768800,1736172480.0
Mon-06-Jan-25,14:09:00,99390,99390,99285,99287,3975600,1736172540.0
Mon-06-Jan-25,14:10:00,99287,99287,99180,99204,9332978,1736172600.0
Mon-06-Jan-25,14:11:00,99204,99250,99192,99230,3075324,1736172660.0
Mon-06-Jan-25,14:12:00,99230,99268,99186,99190,3373820,1736172720.0
Mon-06-Jan-25,14:13:00,99190,99216,99185,99199,4066790,1736172780.0
Mon-06-Jan-25,14:14:00,99199,99282,99199,99239,4959950,1736172840.0
Mon-06-Jan-25,14:15:00,99239,99274,98985,99011,23221926,1736172900.0
Mon-06-Jan-25,14:16:00,99011,99026,98702,98777,50297588,1736172960.0
Mon-06-Jan-25,14:17:00,98777,98895,98777,98888,24595473,1736173020.0
Mon-06-Jan-25,14:18:00,98888,98898,98749,98784,13844320,1736173080.0
Mon-06-Jan-25,14:19:00,98784,98800,98700,98700,20151936,1736173140.0
Mon-06-Jan-25,14:20:00,98700,98851,98612,98802,43230600,1736173200.0
Mon-06-Jan-25,14:21:00,98802,98891,98761,98832,12844260,1736173260.0
Mon-06-Jan-25,14:22:00,98832,98847,98735,98758,10772688,1736173320.0
Mon-06-Jan-25,14:23:00,98758,98792,98737,98758,8690704,1736173380.0
Mon-06-Jan-25,14:24:00,98758,98774,98665,98696,11159654,1736173440.0
Mon-06-Jan-25,14:25:00,98696,98885,98696,98872,8685248,1736173500.0
Mon-06-Jan-25,14:26:00,98872,98996,98872,98966,14138696,1736173560.0
Mon-06-Jan-25,14:27:00,98966,99074,98950,99063,13162478,1736173620.0
Mon-06-Jan-25,14:28:00,99063,99097,98978,98980,6934410,1736173680.0
Mon-06-Jan-25,14:29:00,98980,99013,98980,99005,4355120,1736173740.0
Mon-06-Jan-25,14:30:00,99005,99011,98861,98943,14751745,1736173800.0
Mon-06-Jan-25,14:31:00,98943,98967,98840,98842,10487958,1736173860.0
Mon-06-Jan-25,14:32:00,98842,99115,98824,98943,22140608,1736173920.0
Mon-06-Jan-25,14:33:00,98943,99175,98900,99136,19590714,1736173980.0
Mon-06-Jan-25,14:34:00,99136,99287,99130,99249,22603008,1736174040.0
Mon-06-Jan-25,14:35:00,99249,99266,98964,98992,38707110,1736174100.0
Mon-06-Jan-25,14:36:00,98992,99031,98900,98948,18412512,1736174160.0
Mon-06-Jan-25,14:37:00,98948,99121,98856,99058,14743252,1736174220.0
Mon-06-Jan-25,14:38:00,99058,99108,98972,99061,9707684,1736174280.0
Mon-06-Jan-25,14:39:00,99061,99106,99004,99078,13670418,1736174340.0
Mon-06-Jan-25,14:40:00,99078,99357,99071,99355,27147372,1736174400.0
Mon-06-Jan-25,14:41:00,99355,99458,99355,99457,30005210,1736174460.0
Mon-06-Jan-25,14:42:00,99457,99572,99420,99467,30433842,1736174520.0
Mon-06-Jan-25,14:43:00,99467,99649,99467,99554,26458222,1736174580.0
Mon-06-Jan-25,14:44:00,99554,99581,99426,99496,21304556,1736174640.0
Mon-06-Jan-25,14:45:00,99496,99792,99496,99755,50245480,1736174700.0
Mon-06-Jan-25,14:46:00,99755,99785,99690,99758,29826745,1736174760.0
Mon-06-Jan-25,14:47:00,99758,99839,99750,99839,31024738,1736174820.0
Mon-06-Jan-25,14:48:00,99839,100250,99824,100250,152753670,1736174880.0
Mon-06-Jan-25,14:49:00,100250,100675,100223,100470,235687750,1736174940.0
Mon-06-Jan-25,14:50:00,100470,100580,100350,100403,74247330,1736175000.0
Mon-06-Jan-25,14:51:00,100403,100734,100292,100692,83334490,1736175060.0
Mon-06-Jan-25,14:52:00,100692,100819,100604,100740,60113124,1736175120.0
Mon-06-Jan-25,14:53:00,100740,100947,100737,100890,67697280,1736175180.0
Mon-06-Jan-25,14:54:00,100890,101165,100890,100984,140943330,1736175240.0
Mon-06-Jan-25,14:55:00,100984,101030,100855,100991,42312296,1736175300.0
Mon-06-Jan-25,14:56:00,100991,101077,100900,101028,38578562,1736175360.0
Mon-06-Jan-25,14:57:00,101028,101281,100970,100986,69507264,1736175420.0
Mon-06-Jan-25,14:58:00,100986,101066,100920,100920,34436226,1736175480.0
Mon-06-Jan-25,14:59:00,100920,100920,100600,100692,79121280,1736175540.0
Mon-06-Jan-25,15:00:00,100692,100846,100548,100550,48936312,1736175600.0
Mon-06-Jan-25,15:01:00,100550,100667,100428,100660,55805250,1736175660.0
Mon-06-Jan-25,15:02:00,100660,100916,100644,100887,42780500,1736175720.0
Mon-06-Jan-25,15:03:00,100887,101014,100887,100980,25927959,1736175780.0
Mon-06-Jan-25,15:04:00,100980,100988,100795,100927,27668520,1736175840.0
Mon-06-Jan-25,15:05:00,100927,101016,100818,100870,17662225,1736175900.0
Mon-06-Jan-25,15:06:00,100870,101112,100848,100969,53158490,1736175960.0
Mon-06-Jan-25,15:07:00,100969,101020,100901,100974,23727715,1736176020.0
Mon-06-Jan-25,15:08:00,100974,101070,100902,101032,38471094,1736176080.0
Mon-06-Jan-25,15:09:00,101032,101070,100980,101054,22126008,1736176140.0
Mon-06-Jan-25,15:10:00,101054,101121,100900,101067,27183526,1736176200.0
Mon-06-Jan-25,15:11:00,101067,101150,100980,101064,20011266,1736176260.0
Mon-06-Jan-25,15:12:00,101064,101171,101048,101066,16877688,1736176320.0
Mon-06-Jan-25,15:13:00,101066,101198,101014,101196,23649444,1736176380.0
Mon-06-Jan-25,15:14:00,101196,101257,101132,101224,25400196,1736176440.0
Mon-06-Jan-25,15:15:00,101224,101350,101124,101184,47575280,1736176500.0
Mon-06-Jan-25,15:16:00,101184,101192,100967,101123,32783616,1736176560.0
Mon-06-Jan-25,15:17:00,101123,101300,101123,101270,17898771,1736176620.0
Mon-06-Jan-25,15:18:00,101270,101528,101270,101358,65420420,1736176680.0
Mon-06-Jan-25,15:19:00,101358,101476,101357,101462,17332218,1736176740.0
Mon-06-Jan-25,15:20:00,101462,101500,101361,101461,32264916,1736176800.0
Mon-06-Jan-25,15:21:00,101461,101462,101252,101413,18364441,1736176860.0
Mon-06-Jan-25,15:22:00,101413,101489,101362,101421,15313363,1736176920.0
Mon-06-Jan-25,15:23:00,101421,101488,101310,101310,11359152,1736176980.0
Mon-06-Jan-25,15:24:00,101310,101338,101186,101304,18641040,1736177040.0
Mon-06-Jan-25,15:25:00,101304,101476,101304,101460,17019072,1736177100.0
Mon-06-Jan-25,15:26:00,101460,101657,101441,101546,50222700,1736177160.0
Mon-06-Jan-25,15:27:00,101546,101593,101502,101547,15942722,1736177220.0
Mon-06-Jan-25,15:28:00,101547,101599,101500,101586,14318127,1736177280.0
Mon-06-Jan-25,15:29:00,101586,101700,101583,101653,32202762,1736177340.0
Mon-06-Jan-25,15:30:00,101653,101828,101616,101774,72173630,1736177400.0
Mon-06-Jan-25,15:31:00,101774,101869,101600,101691,59639564,1736177460.0
Mon-06-Jan-25,15:32:00,101691,101758,101633,101731,17694234,1736177520.0
Mon-06-Jan-25,15:33:00,101731,101804,101620,101783,16175229,1736177580.0
Mon-06-Jan-25,15:34:00,101783,101840,101705,101794,19236987,1736177640.0
Mon-06-Jan-25,15:35:00,101794,101842,101686,101800,19340860,1736177700.0
Mon-06-Jan-25,15:36:00,101800,101832,101767,101811,15371800,1736177760.0
Mon-06-Jan-25,15:37:00,101811,101878,101768,101878,29219757,1736177820.0
Mon-06-Jan-25,15:38:00,101878,101900,101778,101849,25775134,1736177880.0
Mon-06-Jan-25,15:39:00,101849,101855,101638,101688,25971495,1736177940.0
Mon-06-Jan-25,15:40:00,101688,101832,101688,101832,20744352,1736178000.0
Mon-06-Jan-25,15:41:00,101832,101840,101735,101816,24439680,1736178060.0
Mon-06-Jan-25,15:42:00,101816,101894,101790,101866,18326880,1736178120.0
Mon-06-Jan-25,15:43:00,101866,101929,101840,101888,26485160,1736178180.0
Mon-06-Jan-25,15:44:00,101888,101960,101872,101947,23230464,1736178240.0
Mon-06-Jan-25,15:45:00,101947,102204,101947,102146,94504869,1736178300.0
Mon-06-Jan-25,15:46:00,102146,102193,102021,102026,35648954,1736178360.0
Mon-06-Jan-25,15:47:00,102026,102032,101825,101852,35505048,1736178420.0
Mon-06-Jan-25,15:48:00,101852,102000,101845,101940,30148192,1736178480.0
Mon-06-Jan-25,15:49:00,101940,101970,101877,101949,16208460,1736178540.0
Mon-06-Jan-25,15:50:00,101949,102138,101932,102035,25181403,1736178600.0
Mon-06-Jan-25,15:51:00,102035,102200,102015,102079,14182865,1736178660.0
Mon-06-Jan-25,15:52:00,102079,102369,102079,102306,51754053,1736178720.0
Mon-06-Jan-25,15:53:00,102306,102472,102261,102393,68238102,1736178780.0
Mon-06-Jan-25,15:54:00,102393,102422,102321,102330,29693970,1736178840.0
Mon-06-Jan-25,15:55:00,102330,102332,102180,102306,27219780,1736178900.0
Mon-06-Jan-25,15:56:00,102306,102342,102125,102128,18312774,1736178960.0
Mon-06-Jan-25,15:57:00,102128,102176,102082,102103,15319200,1736179020.0
Mon-06-Jan-25,15:58:00,102103,102216,102090,102200,11129227,1736179080.0
Mon-06-Jan-25,15:59:00,102200,102202,102054,102117,17271800,1736179140.0
Mon-06-Jan-25,16:00:00,102117,102184,102080,102080,19095879,1736179200.0
Mon-06-Jan-25,16:01:00,102080,102160,101963,102141,40934080,1736179260.0
Mon-06-Jan-25,16:02:00,102141,102154,102006,102025,11541933,1736179320.0
Mon-06-Jan-25,16:03:00,102025,102131,101984,102071,21833350,1736179380.0
Mon-06-Jan-25,16:04:00,102071,102113,102020,102088,25721892,1736179440.0
Mon-06-Jan-25,16:05:00,102088,102178,102074,102120,18682104,1736179500.0
Mon-06-Jan-25,16:06:00,102120,102258,102113,102191,13990440,1736179560.0
Mon-06-Jan-25,16:07:00,102191,102229,102158,102209,9503763,1736179620.0
Mon-06-Jan-25,16:08:00,102209,102226,102122,102205,10527527,1736179680.0
Mon-06-Jan-25,16:09:00,102205,102433,102188,102390,47116505,1736179740.0
Mon-06-Jan-25,16:10:00,102390,102450,102297,102420,24880770,1736179800.0
Mon-06-Jan-25,16:11:00,102420,102448,102311,102359,14748480,1736179860.0
Mon-06-Jan-25,16:12:00,102359,102359,102165,102186,15353850,1736179920.0
Mon-06-Jan-25,16:13:00,102186,102229,102166,102195,8583624,1736179980.0
Mon-06-Jan-25,16:14:00,102195,102271,102166,102185,16759980,1736180040.0
Mon-06-Jan-25,16:15:00,102185,102229,102081,102222,20437000,1736180100.0
Mon-06-Jan-25,16:16:00,102222,102300,102212,102281,9915534,1736180160.0
Mon-06-Jan-25,16:17:00,102281,102281,102143,102203,6239141,1736180220.0
Mon-06-Jan-25,16:18:00,102203,102205,102108,102132,7460819,1736180280.0
Mon-06-Jan-25,16:19:00,102132,102283,102132,102260,13072896,1736180340.0
Mon-06-Jan-25,16:20:00,102260,102366,102237,102286,12884760,1736180400.0
Mon-06-Jan-25,16:21:00,102286,102297,102207,102268,6137160,1736180460.0
Mon-06-Jan-25,16:22:00,102268,102324,102265,102315,12374428,1736180520.0
Mon-06-Jan-25,16:23:00,102315,102360,102303,102326,8901405,1736180580.0
Mon-06-Jan-25,16:24:00,102326,102400,102315,102400,9618644,1736180640.0
Mon-06-Jan-25,16:25:00,102400,102413,102357,102386,8499200,1736180700.0
Mon-06-Jan-25,16:26:00,102386,102459,102362,102394,16893690,1736180760.0
Mon-06-Jan-25,16:27:00,102394,102439,102373,102390,24472166,1736180820.0
Mon-06-Jan-25,16:28:00,102390,102434,102380,102411,4505160,1736180880.0
Mon-06-Jan-25,16:29:00,102411,102452,102385,102418,6451893,1736180940.0
Mon-06-Jan-25,16:30:00,102418,102438,102371,102392,5632990,1736181000.0
Mon-06-Jan-25,16:31:00,102392,102409,102336,102403,7781792,1736181060.0
Mon-06-Jan-25,16:32:00,102403,102442,102372,102441,4505732,1736181120.0
Mon-06-Jan-25,16:33:00,102441,102441,102360,102430,10039218,1736181180.0
Mon-06-Jan-25,16:34:00,102430,102430,102338,102394,7272530,1736181240.0
Mon-06-Jan-25,16:35:00,102394,102394,102170,102170,35223536,1736181300.0
Mon-06-Jan-25,16:36:00,102170,102255,102094,102255,16960220,1736181360.0
Mon-06-Jan-25,16:37:00,102255,102255,102132,102142,8078145,1736181420.0
Mon-06-Jan-25,16:38:00,102142,102162,102083,102126,15014874,1736181480.0
Mon-06-Jan-25,16:39:00,102126,102126,102003,102125,19914570,1736181540.0
Mon-06-Jan-25,16:40:00,102125,102125,102033,102042,11846500,1736181600.0
Mon-06-Jan-25,16:41:00,102042,102071,102010,102071,6938856,1736181660.0
Mon-06-Jan-25,16:42:00,102071,102072,101980,102005,10207100,1736181720.0
Mon-06-Jan-25,16:43:00,102005,102005,101883,101940,24073180,1736181780.0
Mon-06-Jan-25,16:44:00,101940,102000,101836,101863,45771060,1736181840.0
Mon-06-Jan-25,16:45:00,101863,101984,101815,101944,22206134,1736181900.0
Mon-06-Jan-25,16:46:00,101944,101944,101832,101841,9990512,1736181960.0
Mon-06-Jan-25,16:47:00,101841,101853,101757,101767,15887196,1736182020.0
Mon-06-Jan-25,16:48:00,101767,101814,101732,101764,13636778,1736182080.0
Mon-06-Jan-25,16:49:00,101764,101878,101697,101867,13331084,1736182140.0
Mon-06-Jan-25,16:50:00,101867,102010,101856,101948,25772351,1736182200.0
Mon-06-Jan-25,16:51:00,101948,102196,101944,102186,19472068,1736182260.0
Mon-06-Jan-25,16:52:00,102186,102186,102099,102116,21050316,1736182320.0
Mon-06-Jan-25,16:53:00,102116,102160,102016,102130,14194124,1736182380.0
Mon-06-Jan-25,16:54:00,102130,102296,102130,102244,16749320,1736182440.0
Mon-06-Jan-25,16:55:00,102244,102245,102126,102138,17483724,1736182500.0
Mon-06-Jan-25,16:56:00,102138,102156,102064,102075,13890768,1736182560.0
Mon-06-Jan-25,16:57:00,102075,102165,102067,102119,5205825,1736182620.0
Mon-06-Jan-25,16:58:00,102119,102150,102090,102101,4391117,1736182680.0
Mon-06-Jan-25,16:59:00,102101,102150,102064,102133,2654626,1736182740.0
Mon-06-Jan-25,17:00:00,102133,102142,102004,102024,8170640,1736182800.0
Mon-06-Jan-25,17:01:00,102024,102108,102008,102026,6223464,1736182860.0
Mon-06-Jan-25,17:02:00,102026,102080,102022,102046,2346598,1736182920.0
Mon-06-Jan-25,17:03:00,102046,102088,101947,101993,15000762,1736182980.0
Mon-06-Jan-25,17:04:00,101993,102084,101928,101930,4079720,1736183040.0
Mon-06-Jan-25,17:05:00,101930,101983,101876,101896,13760550,1736183100.0
Mon-06-Jan-25,17:06:00,101896,101933,101842,101860,12635104,1736183160.0
Mon-06-Jan-25,17:07:00,101860,101928,101851,101868,10899020,1736183220.0
Mon-06-Jan-25,17:08:00,101868,102007,101868,101963,6621420,1736183280.0
Mon-06-Jan-25,17:09:00,101963,102087,101960,102004,8360966,1736183340.0
Mon-06-Jan-25,17:10:00,102004,102004,101922,101952,3570140,1736183400.0
Mon-06-Jan-25,17:11:00,101952,102000,101943,101970,1835136,1736183460.0
Mon-06-Jan-25,17:12:00,101970,102000,101926,101958,4282740,1736183520.0
Mon-06-Jan-25,17:13:00,101958,101988,101909,101988,4078320,1736183580.0
Mon-06-Jan-25,17:14:00,101988,101988,101868,101872,5099400,1736183640.0
Mon-06-Jan-25,17:15:00,101872,101935,101833,101833,4889856,1736183700.0
Mon-06-Jan-25,17:16:00,101833,101900,101814,101857,4378819,1736183760.0
Mon-06-Jan-25,17:17:00,101857,101891,101837,101870,6518848,1736183820.0
Mon-06-Jan-25,17:18:00,101870,101870,101754,101798,4482280,1736183880.0
Mon-06-Jan-25,17:19:00,101798,101825,101678,101763,15575094,1736183940.0
Mon-06-Jan-25,17:20:00,101763,101858,101753,101844,5902254,1736184000.0
Mon-06-Jan-25,17:21:00,101844,101949,101791,101942,4277448,1736184060.0
Mon-06-Jan-25,17:22:00,101942,101988,101914,101965,4383506,1736184120.0
Mon-06-Jan-25,17:23:00,101965,101990,101939,101980,8259165,1736184180.0
Mon-06-Jan-25,17:24:00,101980,101983,101955,101962,3977220,1736184240.0
Mon-06-Jan-25,17:25:00,101962,102020,101920,101923,13051136,1736184300.0
Mon-06-Jan-25,17:26:00,101923,101932,101779,101793,13759605,1736184360.0
Mon-06-Jan-25,17:27:00,101793,101853,101734,101822,9161370,1736184420.0
Mon-06-Jan-25,17:28:00,101822,101828,101742,101758,3258304,1736184480.0
Mon-06-Jan-25,17:29:00,101758,101822,101729,101784,4782626,1736184540.0
Mon-06-Jan-25,17:30:00,101784,101809,101726,101753,4987416,1736184600.0
Mon-06-Jan-25,17:31:00,101753,101769,101689,101719,3866614,1736184660.0
Mon-06-Jan-25,17:32:00,101719,101800,101667,101772,5492826,1736184720.0
Mon-06-Jan-25,17:33:00,101772,101919,101754,101916,6106320,1736184780.0
Mon-06-Jan-25,17:34:00,101916,101965,101881,101922,7337952,1736184840.0
Mon-06-Jan-25,17:35:00,101922,101944,101800,101800,2751894,1736184900.0
Mon-06-Jan-25,17:36:00,101800,101800,101675,101710,6311600,1736184960.0
Mon-06-Jan-25,17:37:00,101710,101720,101621,101648,8543640,1736185020.0
Mon-06-Jan-25,17:38:00,101648,101669,101607,101657,7013712,1736185080.0
Mon-06-Jan-25,17:39:00,101657,101658,101325,101490,106129908,1736185140.0
Mon-06-Jan-25,17:40:00,101490,101601,101410,101465,40088550,1736185200.0
Mon-06-Jan-25,17:41:00,101465,101516,101337,101337,12480195,1736185260.0
Mon-06-Jan-25,17:42:00,101337,101337,101210,101254,31819818,1736185320.0
Mon-06-Jan-25,17:43:00,101254,101305,101226,101270,10327908,1736185380.0
Mon-06-Jan-25,17:44:00,101270,101415,101263,101378,13468910,1736185440.0
Mon-06-Jan-25,17:45:00,101378,101400,101270,101400,15003944,1736185500.0
Mon-06-Jan-25,17:46:00,101400,101602,101391,101552,21192600,1736185560.0
Mon-06-Jan-25,17:47:00,101552,101632,101522,101632,9647440,1736185620.0
Mon-06-Jan-25,17:48:00,101632,101636,101540,101560,9655040,1736185680.0
Mon-06-Jan-25,17:49:00,101560,101600,101532,101588,5484240,1736185740.0
Mon-06-Jan-25,17:50:00,101588,101597,101437,101526,8939744,1736185800.0
Mon-06-Jan-25,17:51:00,101526,101594,101513,101553,5482404,1736185860.0
Mon-06-Jan-25,17:52:00,101553,101597,101480,101576,3655908,1736185920.0
Mon-06-Jan-25,17:53:00,101576,101622,101574,101600,3352008,1736185980.0
Mon-06-Jan-25,17:54:00,101600,101707,101600,101663,7112000,1736186040.0
Mon-06-Jan-25,17:55:00,101663,101694,101617,101688,5591465,1736186100.0
Mon-06-Jan-25,17:56:00,101688,101708,101653,101656,4677648,1736186160.0
Mon-06-Jan-25,17:57:00,101656,101761,101651,101753,3456304,1736186220.0
Mon-06-Jan-25,17:58:00,101753,101790,101753,101776,5799921,1736186280.0
Mon-06-Jan-25,17:59:00,101776,101817,101770,101788,5292352,1736186340.0
Mon-06-Jan-25,18:00:00,101788,101804,101709,101710,9466284,1736186400.0
Mon-06-Jan-25,18:01:00,101710,101740,101600,101630,10171000,1736186460.0
Mon-06-Jan-25,18:02:00,101630,101700,101523,101690,10671150,1736186520.0
Mon-06-Jan-25,18:03:00,101690,101815,101654,101773,6813230,1736186580.0
Mon-06-Jan-25,18:04:00,101773,101850,101733,101752,6004607,1736186640.0
Mon-06-Jan-25,18:05:00,101752,101752,101704,101752,5087600,1736186700.0
Mon-06-Jan-25,18:06:00,101752,101794,101689,101689,2238544,1736186760.0
Mon-06-Jan-25,18:07:00,101689,101778,101688,101760,4169249,1736186820.0
Mon-06-Jan-25,18:08:00,101760,101814,101725,101814,4273920,1736186880.0
Mon-06-Jan-25,18:09:00,101814,101897,101814,101875,5701584,1736186940.0
Mon-06-Jan-25,18:10:00,101875,101900,101807,101888,5093750,1736187000.0
Mon-06-Jan-25,18:11:00,101888,101914,101805,101819,4177408,1736187060.0
Mon-06-Jan-25,18:12:00,101819,101853,101758,101823,2749113,1736187120.0
Mon-06-Jan-25,18:13:00,101823,101919,101823,101888,5803911,1736187180.0
Mon-06-Jan-25,18:14:00,101888,101915,101867,101909,1935872,1736187240.0
Mon-06-Jan-25,18:15:00,101909,101930,101841,101903,6725994,1736187300.0
Mon-06-Jan-25,18:16:00,101903,101909,101865,101880,1528545,1736187360.0
Mon-06-Jan-25,18:17:00,101880,101893,101816,101839,2445120,1736187420.0
Mon-06-Jan-25,18:18:00,101839,101921,101832,101869,4175399,1736187480.0
Mon-06-Jan-25,18:19:00,101869,101887,101844,101886,1833642,1736187540.0
Mon-06-Jan-25,18:20:00,101886,101937,101886,101904,2547150,1736187600.0
Mon-06-Jan-25,18:21:00,101904,101924,101842,101916,3057120,1736187660.0
Mon-06-Jan-25,18:22:00,101916,102000,101912,101952,6318792,1736187720.0
Mon-06-Jan-25,18:23:00,101952,101999,101937,101937,4485888,1736187780.0
Mon-06-Jan-25,18:24:00,101937,101963,101855,101855,4179417,1736187840.0
Mon-06-Jan-25,18:25:00,101855,101903,101843,101897,2138955,1736187900.0
Mon-06-Jan-25,18:26:00,101897,101897,101839,101850,2649322,1736187960.0
Mon-06-Jan-25,18:27:00,101850,101900,101840,101893,1731450,1736188020.0
Mon-06-Jan-25,18:28:00,101893,101906,101835,101835,1732181,1736188080.0
Mon-06-Jan-25,18:29:00,101835,101895,101835,101895,2953215,1736188140.0
Mon-06-Jan-25,18:30:00,101895,101920,101888,101904,2343585,1736188200.0
Mon-06-Jan-25,18:31:00,101904,101976,101850,101850,5808528,1736188260.0
Mon-06-Jan-25,18:32:00,101850,101850,101804,101814,3259200,1736188320.0
Mon-06-Jan-25,18:33:00,101814,101867,101787,101867,6007026,1736188380.0
Mon-06-Jan-25,18:34:00,101867,101888,101838,101856,1528005,1736188440.0
Mon-06-Jan-25,18:35:00,101856,101936,101856,101888,2240832,1736188500.0
Mon-06-Jan-25,18:36:00,101888,101954,101888,101942,2954752,1736188560.0
Mon-06-Jan-25,18:37:00,101942,101960,101920,101960,2752434,1736188620.0
Mon-06-Jan-25,18:38:00,101960,102017,101960,102006,3874480,1736188680.0
Mon-06-Jan-25,18:39:00,102006,102020,101980,102002,4488264,1736188740.0
Mon-06-Jan-25,18:40:00,102002,102010,101967,101983,2040040,1736188800.0
Mon-06-Jan-25,18:41:00,101983,102000,101922,101991,3875354,1736188860.0
Mon-06-Jan-25,18:42:00,101991,101991,101900,101926,1835838,1736188920.0
Mon-06-Jan-25,18:43:00,101926,101989,101926,101980,1630816,1736188980.0
Mon-06-Jan-25,18:44:00,101980,102000,101906,101914,2549500,1736189040.0
Mon-06-Jan-25,18:45:00,101914,101968,101738,101756,9681830,1736189100.0
Mon-06-Jan-25,18:46:00,101756,101868,101756,101854,6614140,1736189160.0
Mon-06-Jan-25,18:47:00,101854,101928,101836,101903,3361182,1736189220.0
Mon-06-Jan-25,18:48:00,101903,101948,101826,101826,1324739,1736189280.0
Mon-06-Jan-25,18:49:00,101826,101826,101646,101655,7942428,1736189340.0
Mon-06-Jan-25,18:50:00,101655,101728,101626,101659,4879440,1736189400.0
Mon-06-Jan-25,18:51:00,101659,101831,101635,101831,3151429,1736189460.0
Mon-06-Jan-25,18:52:00,101831,101880,101793,101853,3971409,1736189520.0
Mon-06-Jan-25,18:53:00,101853,101915,101853,101880,1731501,1736189580.0
Mon-06-Jan-25,18:54:00,101880,101883,101803,101833,1935720,1736189640.0
Mon-06-Jan-25,18:55:00,101833,101892,101833,101872,2647658,1736189700.0
Mon-06-Jan-25,18:56:00,101872,101891,101807,101825,1629952,1736189760.0
Mon-06-Jan-25,18:57:00,101825,101851,101772,101772,1934675,1736189820.0
Mon-06-Jan-25,18:58:00,101772,101811,101766,101779,1933668,1736189880.0
Mon-06-Jan-25,18:59:00,101779,101790,101702,101702,2442696,1736189940.0
Mon-06-Jan-25,19:00:00,101702,101752,101634,101674,6407226,1736190000.0
Mon-06-Jan-25,19:01:00,101674,101710,101615,101622,5998766,1736190060.0
Mon-06-Jan-25,19:02:00,101622,101696,101586,101672,4979478,1736190120.0
Mon-06-Jan-25,19:03:00,101672,101760,101629,101760,4473568,1736190180.0
Mon-06-Jan-25,19:04:00,101760,101778,101648,101651,9361920,1736190240.0
Mon-06-Jan-25,19:05:00,101651,101796,101650,101786,2642926,1736190300.0
Mon-06-Jan-25,19:06:00,101786,101794,101642,101712,7226806,1736190360.0
Mon-06-Jan-25,19:07:00,101712,101814,101712,101814,1525680,1736190420.0
Mon-06-Jan-25,19:08:00,101814,101878,101803,101806,2239908,1736190480.0
Mon-06-Jan-25,19:09:00,101806,101828,101804,101820,1425284,1736190540.0
Mon-06-Jan-25,19:10:00,101820,101820,101728,101744,3360060,1736190600.0
Mon-06-Jan-25,19:11:00,101744,101780,101728,101780,2441856,1736190660.0
Mon-06-Jan-25,19:12:00,101780,101900,101777,101900,1832040,1736190720.0
Mon-06-Jan-25,19:13:00,101900,101905,101842,101880,1936100,1736190780.0
Mon-06-Jan-25,19:14:00,101880,101900,101864,101880,1222560,1736190840.0
Mon-06-Jan-25,19:15:00,101880,101962,101846,101951,2648880,1736190900.0
Mon-06-Jan-25,19:16:00,101951,101989,101928,101941,2140971,1736190960.0
Mon-06-Jan-25,19:17:00,101941,101996,101939,101987,2650466,1736191020.0
Mon-06-Jan-25,19:18:00,101987,101995,101940,101967,6119220,1736191080.0
Mon-06-Jan-25,19:19:00,101967,101967,101887,101957,3670812,1736191140.0
Mon-06-Jan-25,19:20:00,101957,101975,101912,101930,4893936,1736191200.0
Mon-06-Jan-25,19:21:00,101930,101972,101832,101856,4892640,1736191260.0
Mon-06-Jan-25,19:22:00,101856,101904,101856,101869,4990944,1736191320.0
Mon-06-Jan-25,19:23:00,101869,101908,101831,101900,2342987,1736191380.0
Mon-06-Jan-25,19:24:00,101900,101915,101874,101880,815200,1736191440.0
Mon-06-Jan-25,19:25:00,101880,101896,101794,101828,1528200,1736191500.0
Mon-06-Jan-25,19:26:00,101828,101871,101793,101819,1425592,1736191560.0
Mon-06-Jan-25,19:27:00,101819,101891,101811,101891,1629104,1736191620.0
Mon-06-Jan-25,19:28:00,101891,101906,101852,101906,1732147,1736191680.0
Mon-06-Jan-25,19:29:00,101906,101906,101840,101860,1120966,1736191740.0
Mon-06-Jan-25,19:30:00,101860,101870,101790,101843,3259520,1736191800.0
Mon-06-Jan-25,19:31:00,101843,101843,101742,101764,4990307,1736191860.0
Mon-06-Jan-25,19:32:00,101764,101813,101720,101743,3052920,1736191920.0
Mon-06-Jan-25,19:33:00,101743,101775,101730,101744,2950547,1736191980.0
Mon-06-Jan-25,19:34:00,101744,101779,101730,101774,712208,1736192040.0
Mon-06-Jan-25,19:35:00,101774,101796,101724,101765,1323062,1736192100.0
Mon-06-Jan-25,19:36:00,101765,101812,101708,101808,1526475,1736192160.0
Mon-06-Jan-25,19:37:00,101808,101830,101760,101761,1527120,1736192220.0
Mon-06-Jan-25,19:38:00,101761,101886,101761,101880,1322893,1736192280.0
Mon-06-Jan-25,19:39:00,101880,101899,101834,101864,1222560,1736192340.0
Mon-06-Jan-25,19:40:00,101864,101900,101837,101881,916776,1736192400.0
Mon-06-Jan-25,19:41:00,101881,101915,101848,101902,1120691,1736192460.0
Mon-06-Jan-25,19:42:00,101902,101935,101876,101900,2139942,1736192520.0
Mon-06-Jan-25,19:43:00,101900,101935,101866,101935,1732300,1736192580.0
Mon-06-Jan-25,19:44:00,101935,101978,101935,101974,3363855,1736192640.0
Mon-06-Jan-25,19:45:00,101974,101980,101924,101924,1019740,1736192700.0
Mon-06-Jan-25,19:46:00,101924,101960,101917,101940,1019240,1736192760.0
Mon-06-Jan-25,19:47:00,101940,101950,101870,101906,2344620,1736192820.0
Mon-06-Jan-25,19:48:00,101906,101926,101881,101881,815248,1736192880.0
Mon-06-Jan-25,19:49:00,101881,101891,101815,101815,1731977,1736192940.0
Mon-06-Jan-25,19:50:00,101815,101842,101796,101802,1323595,1736193000.0
Mon-06-Jan-25,19:51:00,101802,101836,101743,101774,2443248,1736193060.0
Mon-06-Jan-25,19:52:00,101774,101798,101734,101766,915966,1736193120.0
Mon-06-Jan-25,19:53:00,101766,101836,101749,101817,2035320,1736193180.0
Mon-06-Jan-25,19:54:00,101817,101840,101766,101783,1221804,1736193240.0
Mon-06-Jan-25,19:55:00,101783,101815,101748,101805,1017830,1736193300.0
Mon-06-Jan-25,19:56:00,101805,101835,101795,101807,1323465,1736193360.0
Mon-06-Jan-25,19:57:00,101807,101807,101700,101700,2646982,1736193420.0
Mon-06-Jan-25,19:58:00,101700,101765,101679,101762,4779900,1736193480.0
Mon-06-Jan-25,19:59:00,101762,101811,101758,101762,2238764,1736193540.0
Mon-06-Jan-25,20:00:00,101762,101914,101751,101889,4274004,1736193600.0
Mon-06-Jan-25,20:01:00,101889,101940,101875,101929,4890672,1736193660.0
Mon-06-Jan-25,20:02:00,101929,101960,101905,101931,3669444,1736193720.0
Mon-06-Jan-25,20:03:00,101931,101980,101902,101980,3261792,1736193780.0
Mon-06-Jan-25,20:04:00,101980,102000,101961,101973,4793060,1736193840.0
Mon-06-Jan-25,20:05:00,101973,101988,101924,101947,6628245,1736193900.0
Mon-06-Jan-25,20:06:00,101947,102000,101935,101968,2038940,1736193960.0
Mon-06-Jan-25,20:07:00,101968,101997,101943,101943,2651168,1736194020.0
Mon-06-Jan-25,20:08:00,101943,102004,101933,101990,5097150,1736194080.0
Mon-06-Jan-25,20:09:00,101990,101996,101965,101982,2345770,1736194140.0
Mon-06-Jan-25,20:10:00,101982,101991,101951,101988,1631712,1736194200.0
Mon-06-Jan-25,20:11:00,101988,102002,101966,101980,1427832,1736194260.0
Mon-06-Jan-25,20:12:00,101980,102042,101930,102039,3059400,1736194320.0
Mon-06-Jan-25,20:13:00,102039,102125,102039,102077,13469148,1736194380.0
Mon-06-Jan-25,20:14:00,102077,102159,102057,102134,7145390,1736194440.0
Mon-06-Jan-25,20:15:00,102134,102141,102111,102125,4698164,1736194500.0
Mon-06-Jan-25,20:16:00,102125,102154,102125,102142,3165875,1736194560.0
Mon-06-Jan-25,20:17:00,102142,102156,102113,102139,3881396,1736194620.0
Mon-06-Jan-25,20:18:00,102139,102139,102100,102134,5719784,1736194680.0
Mon-06-Jan-25,20:19:00,102134,102150,102119,102138,4698164,1736194740.0
Mon-06-Jan-25,20:20:00,102138,102194,102123,102174,8988144,1736194800.0
Mon-06-Jan-25,20:21:00,102174,102184,102141,102160,2963046,1736194860.0
Mon-06-Jan-25,20:22:00,102160,102170,102131,102150,6946880,1736194920.0
Mon-06-Jan-25,20:23:00,102150,102229,102147,102220,5311800,1736194980.0
Mon-06-Jan-25,20:24:00,102220,102292,102197,102290,11244200,1736195040.0
Mon-06-Jan-25,20:25:00,102290,102290,102160,102160,4193890,1736195100.0
Mon-06-Jan-25,20:26:00,102160,102186,102139,102139,3473440,1736195160.0
Mon-06-Jan-25,20:27:00,102139,102141,102045,102054,4698394,1736195220.0
Mon-06-Jan-25,20:28:00,102054,102054,101997,102049,3571890,1736195280.0
Mon-06-Jan-25,20:29:00,102049,102107,102018,102065,3673764,1736195340.0
Mon-06-Jan-25,20:30:00,102065,102070,101980,102012,4899120,1736195400.0
Mon-06-Jan-25,20:31:00,102012,102012,101933,101985,6018708,1736195460.0
Mon-06-Jan-25,20:32:00,101985,102058,101958,102054,7240935,1736195520.0
Mon-06-Jan-25,20:33:00,102054,102085,102034,102085,4082160,1736195580.0
Mon-06-Jan-25,20:34:00,102085,102140,102051,102140,2041700,1736195640.0
Mon-06-Jan-25,20:35:00,102140,102188,102124,102158,4494160,1736195700.0
Mon-06-Jan-25,20:36:00,102158,102158,102090,102116,1634528,1736195760.0
Mon-06-Jan-25,20:37:00,102116,102116,102022,102025,2655016,1736195820.0
Mon-06-Jan-25,20:38:00,102025,102025,101888,101901,10202500,1736195880.0
Mon-06-Jan-25,20:39:00,101901,101985,101891,101909,7031169,1736195940.0
Mon-06-Jan-25,20:40:00,101909,101969,101875,101966,6114540,1736196000.0
Mon-06-Jan-25,20:41:00,101966,101991,101928,101982,2753082,1736196060.0
Mon-06-Jan-25,20:42:00,101982,101993,101908,101993,7648650,1736196120.0
Mon-06-Jan-25,20:43:00,101993,102015,101939,101955,3671748,1736196180.0
Mon-06-Jan-25,20:44:00,101955,101956,101877,101956,6117300,1736196240.0
Mon-06-Jan-25,20:45:00,101956,102033,101937,101958,3466504,1736196300.0
Mon-06-Jan-25,20:46:00,101958,101970,101822,101828,3466572,1736196360.0
Mon-06-Jan-25,20:47:00,101828,101850,101737,101825,12626672,1736196420.0
Mon-06-Jan-25,20:48:00,101825,101911,101796,101911,6618625,1736196480.0
Mon-06-Jan-25,20:49:00,101911,101911,101795,101811,3974529,1736196540.0
Mon-06-Jan-25,20:50:00,101811,101959,101795,101902,8144880,1736196600.0
Mon-06-Jan-25,20:51:00,101902,101996,101888,101996,3770374,1736196660.0
Mon-06-Jan-25,20:52:00,101996,101996,101936,101983,2141916,1736196720.0
Mon-06-Jan-25,20:53:00,101983,102072,101978,102033,6424929,1736196780.0
Mon-06-Jan-25,20:54:00,102033,102114,101948,102044,9182970,1736196840.0
Mon-06-Jan-25,20:55:00,102044,102055,101967,101997,5816508,1736196900.0
Mon-06-Jan-25,20:56:00,101997,102005,101925,101980,2141937,1736196960.0
Mon-06-Jan-25,20:57:00,101980,101991,101934,101967,3161380,1736197020.0
Mon-06-Jan-25,20:58:00,101967,102005,101917,102005,3160977,1736197080.0
Mon-06-Jan-25,20:59:00,102005,102240,101969,102056,45290220,1736197140.0
Mon-06-Jan-25,21:00:00,102056,102161,102052,102080,6837752,1736197200.0
Mon-06-Jan-25,21:01:00,102080,102135,102076,102113,2449920,1736197260.0
Mon-06-Jan-25,21:02:00,102113,102177,102107,102172,3369729,1736197320.0
Mon-06-Jan-25,21:03:00,102172,102190,102122,102170,4802084,1736197380.0
Mon-06-Jan-25,21:04:00,102170,102170,102098,102140,3065100,1736197440.0
Mon-06-Jan-25,21:05:00,102140,102240,102130,102240,3983460,1736197500.0
Mon-06-Jan-25,21:06:00,102240,102249,102187,102190,3169440,1736197560.0
Mon-06-Jan-25,21:07:00,102190,102238,102170,102238,3270080,1736197620.0
Mon-06-Jan-25,21:08:00,102238,102276,102176,102207,4907424,1736197680.0
Mon-06-Jan-25,21:09:00,102207,102243,102172,102181,2044140,1736197740.0
Mon-06-Jan-25,21:10:00,102181,102236,102148,102234,5109050,1736197800.0
Mon-06-Jan-25,21:11:00,102234,102237,102159,102159,1840212,1736197860.0
Mon-06-Jan-25,21:12:00,102159,102192,102120,102120,3064770,1736197920.0
Mon-06-Jan-25,21:13:00,102120,102120,102064,102080,2042400,1736197980.0
Mon-06-Jan-25,21:14:00,102080,102085,101989,101989,6839360,1736198040.0
Mon-06-Jan-25,21:15:00,101989,102078,101980,102078,2141769,1736198100.0
Mon-06-Jan-25,21:16:00,102078,102102,102056,102093,1633248,1736198160.0
Mon-06-Jan-25,21:17:00,102093,102135,102078,102107,1837674,1736198220.0
Mon-06-Jan-25,21:18:00,102107,102108,102093,102097,510535,1736198280.0
Mon-06-Jan-25,21:19:00,102097,102097,102045,102074,2450328,1736198340.0
Mon-06-Jan-25,21:20:00,102074,102074,102058,102058,510370,1736198400.0
Mon-06-Jan-25,21:21:00,102058,102058,101987,102015,2245276,1736198460.0
Mon-06-Jan-25,21:22:00,102015,102015,101930,101957,1734255,1736198520.0
Mon-06-Jan-25,21:23:00,101957,101982,101871,101936,6933076,1736198580.0
Mon-06-Jan-25,21:24:00,101936,101999,101935,101953,2038720,1736198640.0
Mon-06-Jan-25,21:25:00,101953,102055,101953,102052,3568355,1736198700.0
Mon-06-Jan-25,21:26:00,102052,102089,102024,102085,1734884,1736198760.0
Mon-06-Jan-25,21:27:00,102085,102090,102054,102071,2041700,1736198820.0
Mon-06-Jan-25,21:28:00,102071,102078,102021,102021,2653846,1736198880.0
Mon-06-Jan-25,21:29:00,102021,102066,101961,102002,4386903,1736198940.0
Mon-06-Jan-25,21:30:00,102002,102014,101904,101923,4692092,1736199000.0
Mon-06-Jan-25,21:31:00,101923,101964,101902,101926,1834614,1736199060.0
Mon-06-Jan-25,21:32:00,101926,101951,101922,101940,1121186,1736199120.0
Mon-06-Jan-25,21:33:00,101940,101984,101918,101984,2548500,1736199180.0
Mon-06-Jan-25,21:34:00,101984,102008,101931,101931,3875392,1736199240.0
Mon-06-Jan-25,21:35:00,101931,101934,101916,101926,1223172,1736199300.0
Mon-06-Jan-25,21:36:00,101926,101926,101758,101776,7746376,1736199360.0
Mon-06-Jan-25,21:37:00,101776,101812,101713,101713,4885248,1736199420.0
Mon-06-Jan-25,21:38:00,101713,101745,101663,101697,5797641,1736199480.0
Mon-06-Jan-25,21:39:00,101697,101752,101678,101746,9051033,1736199540.0
Mon-06-Jan-25,21:40:00,101746,101746,101663,101663,2034920,1736199600.0
Mon-06-Jan-25,21:41:00,101663,101700,101663,101689,3049890,1736199660.0
Mon-06-Jan-25,21:42:00,101689,101699,101677,101690,1220268,1736199720.0
Mon-06-Jan-25,21:43:00,101690,101718,101690,101710,1220280,1736199780.0
Mon-06-Jan-25,21:44:00,101710,101710,101700,101700,508550,1736199840.0
Mon-06-Jan-25,21:45:00,101700,101700,101642,101674,7932600,1736199900.0
Mon-06-Jan-25,21:46:00,101674,101705,101658,101668,1830132,1736199960.0
Mon-06-Jan-25,21:47:00,101668,101753,101668,101740,5896744,1736200020.0
Mon-06-Jan-25,21:48:00,101740,101807,101740,101772,2746980,1736200080.0
Mon-06-Jan-25,21:49:00,101772,101816,101752,101816,1831896,1736200140.0
Mon-06-Jan-25,21:50:00,101816,101818,101743,101743,2341768,1736200200.0
Mon-06-Jan-25,21:51:00,101743,101776,101711,101776,1729631,1736200260.0
Mon-06-Jan-25,21:52:00,101776,101776,101701,101711,1730192,1736200320.0
Mon-06-Jan-25,21:53:00,101711,101711,101681,101682,915399,1736200380.0
Mon-06-Jan-25,21:54:00,101682,101722,101670,101703,2033640,1736200440.0
Mon-06-Jan-25,21:55:00,101703,101703,101635,101635,5186853,1736200500.0
Mon-06-Jan-25,21:56:00,101635,101635,101576,101582,7622625,1736200560.0
Mon-06-Jan-25,21:57:00,101582,101599,101543,101554,7618650,1736200620.0
Mon-06-Jan-25,21:58:00,101554,101567,101515,101567,10460062,1736200680.0
Mon-06-Jan-25,21:59:00,101567,101572,101545,101546,2945443,1736200740.0
Mon-06-Jan-25,22:00:00,101546,101603,101546,101583,5483484,1736200800.0
Mon-06-Jan-25,22:01:00,101583,101630,101562,101611,2742741,1736200860.0
Mon-06-Jan-25,22:02:00,101611,101635,101580,101581,1727387,1736200920.0
Mon-06-Jan-25,22:03:00,101581,101582,101567,101575,1828458,1736200980.0
Mon-06-Jan-25,22:04:00,101575,101575,101540,101543,2640950,1736201040.0
Mon-06-Jan-25,22:05:00,101543,101611,101535,101588,3960177,1736201100.0
Mon-06-Jan-25,22:06:00,101588,101604,101546,101592,5892104,1736201160.0
Mon-06-Jan-25,22:07:00,101592,101608,101560,101592,2133432,1736201220.0
Mon-06-Jan-25,22:08:00,101592,101688,101592,101678,3352536,1736201280.0
Mon-06-Jan-25,22:09:00,101678,101705,101658,101670,3355374,1736201340.0
Mon-06-Jan-25,22:10:00,101670,101700,101670,101691,2236740,1736201400.0
Mon-06-Jan-25,22:11:00,101691,101691,101617,101634,3254112,1736201460.0
Mon-06-Jan-25,22:12:00,101634,101649,101612,101617,7622550,1736201520.0
Mon-06-Jan-25,22:13:00,101617,101629,101595,101618,8840679,1736201580.0
Mon-06-Jan-25,22:14:00,101618,101667,101601,101656,1930742,1736201640.0
Mon-06-Jan-25,22:15:00,101656,101705,101651,101694,1219872,1736201700.0
Mon-06-Jan-25,22:16:00,101694,101716,101694,101700,1423716,1736201760.0
Mon-06-Jan-25,22:17:00,101700,101813,101700,101770,5491800,1736201820.0
Mon-06-Jan-25,22:18:00,101770,101774,101740,101740,1323010,1736201880.0
Mon-06-Jan-25,22:19:00,101740,101822,101740,101821,1424360,1736201940.0
Mon-06-Jan-25,22:20:00,101821,101843,101760,101771,5294692,1736202000.0
Mon-06-Jan-25,22:21:00,101771,101846,101764,101833,2238962,1736202060.0
Mon-06-Jan-25,22:22:00,101833,101842,101830,101841,814664,1736202120.0
Mon-06-Jan-25,22:23:00,101841,101887,101840,101887,3157071,1736202180.0
Mon-06-Jan-25,22:24:00,101887,101929,101887,101892,2852836,1736202240.0
Mon-06-Jan-25,22:25:00,101892,101900,101803,101803,3871896,1736202300.0
Mon-06-Jan-25,22:26:00,101803,101803,101750,101750,2137863,1736202360.0
Mon-06-Jan-25,22:27:00,101750,101812,101750,101812,1628000,1736202420.0
Mon-06-Jan-25,22:28:00,101812,101843,101801,101843,1119932,1736202480.0
Mon-06-Jan-25,22:29:00,101843,101896,101842,101896,2240546,1736202540.0
Mon-06-Jan-25,22:30:00,101896,101930,101892,101922,2547400,1736202600.0
Mon-06-Jan-25,22:31:00,101922,101934,101922,101929,1528830,1736202660.0
Mon-06-Jan-25,22:32:00,101929,101934,101871,101871,1630864,1736202720.0
Mon-06-Jan-25,22:33:00,101871,101877,101870,101876,611226,1736202780.0
Mon-06-Jan-25,22:34:00,101876,101881,101876,101881,815008,1736202840.0
Mon-06-Jan-25,22:35:00,101881,101906,101881,101906,916929,1736202900.0
Mon-06-Jan-25,22:36:00,101906,101950,101906,101950,1630496,1736202960.0
Mon-06-Jan-25,22:37:00,101950,101987,101950,101985,1529250,1736203020.0
Mon-06-Jan-25,22:38:00,101985,102042,101954,101954,5609175,1736203080.0
Mon-06-Jan-25,22:39:00,101954,101975,101930,101975,1325402,1736203140.0
Mon-06-Jan-25,22:40:00,101975,101986,101935,101935,713825,1736203200.0
Mon-06-Jan-25,22:41:00,101935,101952,101894,101952,2038700,1736203260.0
Mon-06-Jan-25,22:42:00,101952,101952,101917,101917,2548800,1736203320.0
Mon-06-Jan-25,22:43:00,101917,101917,101904,101904,1223004,1736203380.0
Mon-06-Jan-25,22:44:00,101904,101933,101900,101933,1222848,1736203440.0
Mon-06-Jan-25,22:45:00,101933,101933,101932,101933,815464,1736203500.0
Mon-06-Jan-25,22:46:00,101933,101956,101932,101952,2242526,1736203560.0
Mon-06-Jan-25,22:47:00,101952,101952,101940,101946,815616,1736203620.0
Mon-06-Jan-25,22:48:00,101946,101974,101946,101968,2344758,1736203680.0
Mon-06-Jan-25,22:49:00,101968,102004,101968,102003,1427552,1736203740.0
Mon-06-Jan-25,22:50:00,102003,102031,101986,101986,1428042,1736203800.0
Mon-06-Jan-25,22:51:00,101986,101986,101944,101944,815888,1736203860.0
Mon-06-Jan-25,22:52:00,101944,101950,101944,101950,305832,1736203920.0
Mon-06-Jan-25,22:53:00,101950,101950,101946,101946,407800,1736203980.0
Mon-06-Jan-25,22:54:00,101946,101966,101939,101960,1223352,1736204040.0
Mon-06-Jan-25,22:55:00,101960,101976,101959,101976,509800,1736204100.0
Mon-06-Jan-25,22:56:00,101976,102000,101976,102000,917784,1736204160.0
Mon-06-Jan-25,22:57:00,102000,102021,102000,102021,918000,1736204220.0
Mon-06-Jan-25,22:58:00,102021,102042,101972,101981,2040420,1736204280.0
Mon-06-Jan-25,22:59:00,101981,101991,101951,101956,3161411,1736204340.0
Mon-06-Jan-25,23:00:00,101956,102044,101955,102030,1427384,1736204400.0
Mon-06-Jan-25,23:01:00,102030,102031,101921,101928,4081200,1736204460.0
Mon-06-Jan-25,23:02:00,101928,101938,101881,101882,1936632,1736204520.0
Mon-06-Jan-25,23:03:00,101882,101938,101856,101885,2343286,1736204580.0
Mon-06-Jan-25,23:04:00,101885,101931,101857,101908,2343355,1736204640.0
Mon-06-Jan-25,23:05:00,101908,101908,101850,101864,1732436,1736204700.0
Mon-06-Jan-25,23:06:00,101864,101977,101850,101965,1426096,1736204760.0
Mon-06-Jan-25,23:07:00,101965,102018,101951,102018,2141265,1736204820.0
Mon-06-Jan-25,23:08:00,102018,102094,102018,102084,6019062,1736204880.0
Mon-06-Jan-25,23:09:00,102084,102139,102040,102052,5410452,1736204940.0
Mon-06-Jan-25,23:10:00,102052,102080,102020,102064,2449248,1736205000.0
Mon-06-Jan-25,23:11:00,102064,102116,102043,102048,1122704,1736205060.0
Mon-06-Jan-25,23:12:00,102048,102048,101934,101940,3265536,1736205120.0
Mon-06-Jan-25,23:13:00,101940,101972,101916,101945,1121340,1736205180.0
Mon-06-Jan-25,23:14:00,101945,101969,101943,101969,1936955,1736205240.0
Mon-06-Jan-25,23:15:00,101969,102018,101942,102018,2447256,1736205300.0
Mon-06-Jan-25,23:16:00,102018,102100,101992,102055,4284756,1736205360.0
Mon-06-Jan-25,23:17:00,102055,102055,102016,102020,1020550,1736205420.0
Mon-06-Jan-25,23:18:00,102020,102054,102020,102054,1020200,1736205480.0
Mon-06-Jan-25,23:19:00,102054,102076,102026,102039,918486,1736205540.0
Mon-06-Jan-25,23:20:00,102039,102040,102026,102040,612234,1736205600.0
Mon-06-Jan-25,23:21:00,102040,102048,102022,102024,612240,1736205660.0
Mon-06-Jan-25,23:22:00,102024,102049,102017,102031,612144,1736205720.0
Mon-06-Jan-25,23:23:00,102031,102060,102031,102041,408124,1736205780.0
Mon-06-Jan-25,23:24:00,102041,102041,102020,102020,816328,1736205840.0
Mon-06-Jan-25,23:25:00,102020,102038,102007,102038,612120,1736205900.0
Mon-06-Jan-25,23:26:00,102038,102038,102001,102001,612228,1736205960.0
Mon-06-Jan-25,23:27:00,102001,102020,102000,102014,1428014,1736206020.0
Mon-06-Jan-25,23:28:00,102014,102037,102011,102022,1428196,1736206080.0
Mon-06-Jan-25,23:29:00,102022,102057,102022,102033,1938418,1736206140.0
Mon-06-Jan-25,23:30:00,102033,102072,102033,102051,1326429,1736206200.0
Mon-06-Jan-25,23:31:00,102051,102051,101921,101944,5000499,1736206260.0
Mon-06-Jan-25,23:32:00,101944,101981,101914,101981,3466096,1736206320.0
Mon-06-Jan-25,23:33:00,101981,101990,101981,101990,509905,1736206380.0
Mon-06-Jan-25,23:34:00,101990,101990,101945,101965,611940,1736206440.0
Mon-06-Jan-25,23:35:00,101965,102057,101965,102033,1427510,1736206500.0
Mon-06-Jan-25,23:36:00,102033,102033,101991,101991,306099,1736206560.0
Mon-06-Jan-25,23:37:00,101991,102056,101991,102051,917919,1736206620.0
Mon-06-Jan-25,23:38:00,102051,102057,102035,102041,1122561,1736206680.0
Mon-06-Jan-25,23:39:00,102041,102052,102041,102052,612246,1736206740.0
Mon-06-Jan-25,23:40:00,102052,102052,101992,102013,1734884,1736206800.0
Mon-06-Jan-25,23:41:00,102013,102037,102013,102037,816104,1736206860.0
Mon-06-Jan-25,23:42:00,102037,102068,102020,102068,1326481,1736206920.0
Mon-06-Jan-25,23:43:00,102068,102161,102068,102158,5715808,1736206980.0
Mon-06-Jan-25,23:44:00,102158,102158,102122,102130,5210058,1736207040.0
Mon-06-Jan-25,23:45:00,102130,102155,102119,102155,2961770,1736207100.0
Mon-06-Jan-25,23:46:00,102155,102199,102143,102153,3064650,1736207160.0
Mon-06-Jan-25,23:47:00,102153,102167,102140,102141,1021530,1736207220.0
Mon-06-Jan-25,23:48:00,102141,102141,102097,102105,1838538,1736207280.0
Mon-06-Jan-25,23:49:00,102105,102157,102105,102143,3471570,1736207340.0
Mon-06-Jan-25,23:50:00,102143,102144,102105,102127,1225716,1736207400.0
Mon-06-Jan-25,23:51:00,102127,102127,102109,102121,408508,1736207460.0
Mon-06-Jan-25,23:52:00,102121,102149,102121,102149,1123331,1736207520.0
Mon-06-Jan-25,23:53:00,102149,102160,102136,102136,5516046,1736207580.0
Mon-06-Jan-25,23:54:00,102136,102140,102128,102134,919224,1736207640.0
Mon-06-Jan-25,23:55:00,102134,102137,102134,102137,306402,1736207700.0
Mon-06-Jan-25,23:56:00,102137,102139,102124,102134,1123507,1736207760.0
Mon-06-Jan-25,23:57:00,102134,102140,102134,102140,510670,1736207820.0
Mon-06-Jan-25,23:58:00,102140,102188,102134,102188,5107000,1736207880.0
Mon-06-Jan-25,23:59:00,102188,102198,102175,102186,4802836,1736207940.0
Tue-07-Jan-25,00:00:00,102186,102220,102148,102186,14306040,1736208000.0
Tue-07-Jan-25,00:01:00,102186,102186,102121,102130,5518044,1736208060.0
Tue-07-Jan-25,00:02:00,102130,102138,102102,102118,5106500,1736208120.0
Tue-07-Jan-25,00:03:00,102118,102138,102100,102128,3369894,1736208180.0
Tue-07-Jan-25,00:04:00,102128,102132,102048,102077,6944704,1736208240.0
Tue-07-Jan-25,00:05:00,102077,102083,102056,102056,1122847,1736208300.0
Tue-07-Jan-25,00:06:00,102056,102056,101989,101990,7960368,1736208360.0
Tue-07-Jan-25,00:07:00,101990,101990,101917,101956,3875620,1736208420.0
Tue-07-Jan-25,00:08:00,101956,101983,101934,101934,1937164,1736208480.0
Tue-07-Jan-25,00:09:00,101934,101968,101928,101963,1121274,1736208540.0
Tue-07-Jan-25,00:10:00,101963,102007,101963,101999,1835334,1736208600.0
Tue-07-Jan-25,00:11:00,101999,102036,101999,102007,2345977,1736208660.0
Tue-07-Jan-25,00:12:00,102007,102016,101969,101976,2754189,1736208720.0
Tue-07-Jan-25,00:13:00,101976,101994,101972,101990,1325688,1736208780.0
Tue-07-Jan-25,00:14:00,101990,101997,101990,101997,509950,1736208840.0
Tue-07-Jan-25,00:15:00,101997,102031,101940,101940,2753919,1736208900.0
Tue-07-Jan-25,00:16:00,101940,101958,101891,101958,3975660,1736208960.0
Tue-07-Jan-25,00:17:00,101958,102008,101958,102000,6933144,1736209020.0
Tue-07-Jan-25,00:18:00,102000,102045,101988,102039,1938000,1736209080.0
Tue-07-Jan-25,00:19:00,102039,102085,102017,102046,5408067,1736209140.0
Tue-07-Jan-25,00:20:00,102046,102046,102044,102046,306138,1736209200.0
Tue-07-Jan-25,00:21:00,102046,102095,102045,102068,6326852,1736209260.0
Tue-07-Jan-25,00:22:00,102068,102133,102068,102129,4082720,1736209320.0
Tue-07-Jan-25,00:23:00,102129,102177,102129,102150,2451096,1736209380.0
Tue-07-Jan-25,00:24:00,102150,102204,102149,102149,3677400,1736209440.0
Tue-07-Jan-25,00:25:00,102149,102150,102112,102115,1123639,1736209500.0
Tue-07-Jan-25,00:26:00,102115,102115,102070,102097,2042300,1736209560.0
Tue-07-Jan-25,00:27:00,102097,102179,102097,102171,5411141,1736209620.0
Tue-07-Jan-25,00:28:00,102171,102416,102171,102331,43627017,1736209680.0
Tue-07-Jan-25,00:29:00,102331,102388,102320,102334,6753846,1736209740.0
Tue-07-Jan-25,00:30:00,102334,102348,102260,102284,5219034,1736209800.0
Tue-07-Jan-25,00:31:00,102284,102311,102224,102261,3579940,1736209860.0
Tue-07-Jan-25,00:32:00,102261,102333,102261,102329,6237921,1736209920.0
Tue-07-Jan-25,00:33:00,102329,102347,102317,102327,1432606,1736209980.0
Tue-07-Jan-25,00:34:00,102327,102436,102316,102405,7776852,1736210040.0
Tue-07-Jan-25,00:35:00,102405,102702,102405,102643,104043480,1736210100.0
Tue-07-Jan-25,00:36:00,102643,102648,102437,102437,14677949,1736210160.0
Tue-07-Jan-25,00:37:00,102437,102455,102322,102405,10551011,1736210220.0
Tue-07-Jan-25,00:38:00,102405,102460,102397,102415,7987590,1736210280.0
Tue-07-Jan-25,00:39:00,102415,102415,102221,102266,9729425,1736210340.0
Tue-07-Jan-25,00:40:00,102266,102266,102112,102150,13805910,1736210400.0
Tue-07-Jan-25,00:41:00,102150,102196,102100,102111,7661250,1736210460.0
Tue-07-Jan-25,00:42:00,102111,102186,102101,102123,9496323,1736210520.0
Tue-07-Jan-25,00:43:00,102123,102133,102088,102088,4084920,1736210580.0
Tue-07-Jan-25,00:44:00,102088,102088,101943,102016,18580016,1736210640.0
Tue-07-Jan-25,00:45:00,102016,102038,102000,102005,4590720,1736210700.0
Tue-07-Jan-25,00:46:00,102005,102005,101925,101932,4386215,1736210760.0
Tue-07-Jan-25,00:47:00,101932,102020,101932,102020,3159892,1736210820.0
Tue-07-Jan-25,00:48:00,102020,102090,102020,102084,2346460,1736210880.0
Tue-07-Jan-25,00:49:00,102084,102142,102084,102124,5308368,1736210940.0
Tue-07-Jan-25,00:50:00,102124,102176,102099,102155,4289208,1736211000.0
Tue-07-Jan-25,00:51:00,102155,102180,102076,102094,3881890,1736211060.0
Tue-07-Jan-25,00:52:00,102094,102122,102090,102111,918846,1736211120.0
Tue-07-Jan-25,00:53:00,102111,102176,102111,102176,918999,1736211180.0
Tue-07-Jan-25,00:54:00,102176,102180,102163,102168,919584,1736211240.0
Tue-07-Jan-25,00:55:00,102168,102168,102022,102035,3984552,1736211300.0
Tue-07-Jan-25,00:56:00,102035,102054,101962,101962,2244770,1736211360.0
Tue-07-Jan-25,00:57:00,101962,101990,101932,101968,2956898,1736211420.0
Tue-07-Jan-25,00:58:00,101968,101991,101963,101976,2855104,1736211480.0
Tue-07-Jan-25,00:59:00,101976,102000,101976,101997,1427664,1736211540.0
Tue-07-Jan-25,01:00:00,101997,102027,101966,102020,2549925,1736211600.0
Tue-07-Jan-25,01:01:00,102020,102022,101887,101892,5305040,1736211660.0
Tue-07-Jan-25,01:02:00,101892,101893,101822,101860,11717580,1736211720.0
Tue-07-Jan-25,01:03:00,101860,101874,101777,101782,7741360,1736211780.0
Tue-07-Jan-25,01:04:00,101782,101876,101777,101864,5394446,1736211840.0
Tue-07-Jan-25,01:05:00,101864,101872,101815,101872,4685744,1736211900.0
Tue-07-Jan-25,01:06:00,101872,101942,101871,101940,4889856,1736211960.0
Tue-07-Jan-25,01:07:00,101940,101960,101898,101906,4485360,1736212020.0
Tue-07-Jan-25,01:08:00,101906,101906,101861,101865,1120966,1736212080.0
Tue-07-Jan-25,01:09:00,101865,101887,101854,101880,2139165,1736212140.0
Tue-07-Jan-25,01:10:00,101880,101880,101832,101832,1630080,1736212200.0
Tue-07-Jan-25,01:11:00,101832,101843,101802,101830,2647632,1736212260.0
Tue-07-Jan-25,01:12:00,101830,101830,101764,101764,3156730,1736212320.0
Tue-07-Jan-25,01:13:00,101764,101822,101750,101806,4782908,1736212380.0
Tue-07-Jan-25,01:14:00,101806,101820,101783,101783,1425284,1736212440.0
Tue-07-Jan-25,01:15:00,101783,101836,101780,101801,2951707,1736212500.0
Tue-07-Jan-25,01:16:00,101801,101875,101801,101875,2646826,1736212560.0
Tue-07-Jan-25,01:17:00,101875,101875,101819,101856,1528125,1736212620.0
Tue-07-Jan-25,01:18:00,101856,101856,101822,101824,1018560,1736212680.0
Tue-07-Jan-25,01:19:00,101824,101836,101810,101823,1018240,1736212740.0
Tue-07-Jan-25,01:20:00,101823,101847,101813,101813,1730991,1736212800.0
Tue-07-Jan-25,01:21:00,101813,101868,101813,101863,916317,1736212860.0
Tue-07-Jan-25,01:22:00,101863,101879,101850,101862,1222356,1736212920.0
Tue-07-Jan-25,01:23:00,101862,101871,101847,101871,713034,1736212980.0
Tue-07-Jan-25,01:24:00,101871,101871,101820,101820,916839,1736213040.0
Tue-07-Jan-25,01:25:00,101820,101820,101750,101750,2545500,1736213100.0
Tue-07-Jan-25,01:26:00,101750,101751,101705,101705,4171750,1736213160.0
Tue-07-Jan-25,01:27:00,101705,101706,101680,101695,3559675,1736213220.0
Tue-07-Jan-25,01:28:00,101695,101720,101688,101698,2949155,1736213280.0
Tue-07-Jan-25,01:29:00,101698,101723,101650,101650,5593390,1736213340.0
Tue-07-Jan-25,01:30:00,101650,101706,101650,101700,5082500,1736213400.0
Tue-07-Jan-25,01:31:00,101700,101742,101688,101741,2542500,1736213460.0
Tue-07-Jan-25,01:32:00,101741,101789,101741,101785,2848748,1736213520.0
Tue-07-Jan-25,01:33:00,101785,101785,101693,101715,2035700,1736213580.0
Tue-07-Jan-25,01:34:00,101715,101748,101700,101700,1729155,1736213640.0
Tue-07-Jan-25,01:35:00,101700,101787,101675,101784,3661200,1736213700.0
Tue-07-Jan-25,01:36:00,101784,101794,101759,101760,1424976,1736213760.0
Tue-07-Jan-25,01:37:00,101760,101760,101705,101750,1933440,1736213820.0
Tue-07-Jan-25,01:38:00,101750,101801,101750,101794,4273500,1736213880.0
Tue-07-Jan-25,01:39:00,101794,101814,101794,101806,1323322,1736213940.0
Tue-07-Jan-25,01:40:00,101806,101920,101806,101911,7737256,1736214000.0
Tue-07-Jan-25,01:41:00,101911,101911,101889,101891,1732487,1736214060.0
Tue-07-Jan-25,01:42:00,101891,101940,101891,101933,4279422,1736214120.0
Tue-07-Jan-25,01:43:00,101933,101938,101901,101938,1427062,1736214180.0
Tue-07-Jan-25,01:44:00,101938,101950,101920,101921,1631008,1736214240.0
Tue-07-Jan-25,01:45:00,101921,101921,101867,101869,4280682,1736214300.0
Tue-07-Jan-25,01:46:00,101869,101922,101869,101904,2037380,1736214360.0
Tue-07-Jan-25,01:47:00,101904,101960,101890,101954,5299008,1736214420.0
Tue-07-Jan-25,01:48:00,101954,101955,101942,101950,1019540,1736214480.0
Tue-07-Jan-25,01:49:00,101950,101964,101944,101960,3364350,1736214540.0
Tue-07-Jan-25,01:50:00,101960,101967,101954,101963,1223520,1736214600.0
Tue-07-Jan-25,01:51:00,101963,101996,101926,101926,4894224,1736214660.0
Tue-07-Jan-25,01:52:00,101926,101940,101902,101940,713482,1736214720.0
Tue-07-Jan-25,01:53:00,101940,101966,101940,101950,509700,1736214780.0
Tue-07-Jan-25,01:54:00,101950,101950,101927,101941,2344850,1736214840.0
Tue-07-Jan-25,01:55:00,101941,101946,101806,101824,16106678,1736214900.0
Tue-07-Jan-25,01:56:00,101824,101829,101790,101790,4174784,1736214960.0
Tue-07-Jan-25,01:57:00,101790,101836,101789,101836,1017900,1736215020.0
Tue-07-Jan-25,01:58:00,101836,101888,101835,101863,2444064,1736215080.0
Tue-07-Jan-25,01:59:00,101863,101884,101863,101869,814904,1736215140.0
Tue-07-Jan-25,02:00:00,101869,101971,101869,101900,3056070,1736215200.0
Tue-07-Jan-25,02:01:00,101900,101912,101869,101898,1630400,1736215260.0
Tue-07-Jan-25,02:02:00,101898,101946,101892,101946,815184,1736215320.0
Tue-07-Jan-25,02:03:00,101946,101965,101943,101964,917514,1736215380.0
Tue-07-Jan-25,02:04:00,101964,101971,101912,101925,1019640,1736215440.0
Tue-07-Jan-25,02:05:00,101925,101925,101876,101878,713475,1736215500.0
Tue-07-Jan-25,02:06:00,101878,101878,101836,101846,2954462,1736215560.0
Tue-07-Jan-25,02:07:00,101846,101905,101845,101866,1527690,1736215620.0
Tue-07-Jan-25,02:08:00,101866,101895,101865,101876,1324258,1736215680.0
Tue-07-Jan-25,02:09:00,101876,101944,101860,101928,1120636,1736215740.0
Tue-07-Jan-25,02:10:00,101928,101949,101916,101918,713496,1736215800.0
Tue-07-Jan-25,02:11:00,101918,101942,101904,101904,407672,1736215860.0
Tue-07-Jan-25,02:12:00,101904,101977,101903,101941,1324752,1736215920.0
Tue-07-Jan-25,02:13:00,101941,101979,101938,101938,6830047,1736215980.0
Tue-07-Jan-25,02:14:00,101938,101949,101910,101910,1019380,1736216040.0
Tue-07-Jan-25,02:15:00,101910,101949,101909,101940,1222920,1736216100.0
Tue-07-Jan-25,02:16:00,101940,101974,101935,101946,2548500,1736216160.0
Tue-07-Jan-25,02:17:00,101946,101968,101925,101962,203892,1736216220.0
Tue-07-Jan-25,02:18:00,101962,101962,101942,101943,815696,1736216280.0
Tue-07-Jan-25,02:19:00,101943,101943,101909,101909,713601,1736216340.0
Tue-07-Jan-25,02:20:00,101909,101915,101874,101915,4585905,1736216400.0
Tue-07-Jan-25,02:21:00,101915,101968,101915,101950,917235,1736216460.0
Tue-07-Jan-25,02:22:00,101950,101950,101930,101930,713650,1736216520.0
Tue-07-Jan-25,02:23:00,101930,101934,101899,101899,407720,1736216580.0
Tue-07-Jan-25,02:24:00,101899,101899,101835,101845,2853172,1736216640.0
Tue-07-Jan-25,02:25:00,101845,101875,101845,101870,1018450,1736216700.0
Tue-07-Jan-25,02:26:00,101870,101870,101818,101818,1731790,1736216760.0
Tue-07-Jan-25,02:27:00,101818,101831,101809,101830,1730906,1736216820.0
Tue-07-Jan-25,02:28:00,101830,101831,101800,101812,1934770,1736216880.0
Tue-07-Jan-25,02:29:00,101812,101812,101800,101802,305436,1736216940.0
Tue-07-Jan-25,02:30:00,101802,101805,101731,101736,3868476,1736217000.0
Tue-07-Jan-25,02:31:00,101736,101807,101736,101807,1526040,1736217060.0
Tue-07-Jan-25,02:32:00,101807,101833,101776,101776,1628912,1736217120.0
Tue-07-Jan-25,02:33:00,101776,101776,101741,101746,1221312,1736217180.0
Tue-07-Jan-25,02:34:00,101746,101762,101735,101762,1119206,1736217240.0
Tue-07-Jan-25,02:35:00,101762,101823,101762,101817,1729954,1736217300.0
Tue-07-Jan-25,02:36:00,101817,101828,101775,101796,5192667,1736217360.0
Tue-07-Jan-25,02:37:00,101796,101808,101791,101805,1017960,1736217420.0
Tue-07-Jan-25,02:38:00,101805,101808,101750,101760,1323465,1736217480.0
Tue-07-Jan-25,02:39:00,101760,101795,101750,101768,2645760,1736217540.0
Tue-07-Jan-25,02:40:00,101768,101797,101768,101797,1322984,1736217600.0
Tue-07-Jan-25,02:41:00,101797,101797,101780,101780,407188,1736217660.0
Tue-07-Jan-25,02:42:00,101780,101780,101743,101743,712460,1736217720.0
Tue-07-Jan-25,02:43:00,101743,101772,101743,101762,1424402,1736217780.0
Tue-07-Jan-25,02:44:00,101762,101765,101748,101765,2340526,1736217840.0
Tue-07-Jan-25,02:45:00,101765,101765,101724,101724,2544125,1736217900.0
Tue-07-Jan-25,02:46:00,101724,101788,101724,101788,2136204,1736217960.0
Tue-07-Jan-25,02:47:00,101788,101788,101713,101713,1323244,1736218020.0
Tue-07-Jan-25,02:48:00,101713,101735,101700,101703,2746251,1736218080.0
Tue-07-Jan-25,02:49:00,101703,101735,101682,101682,5491962,1736218140.0
Tue-07-Jan-25,02:50:00,101682,101689,101670,101674,1931958,1736218200.0
Tue-07-Jan-25,02:51:00,101674,101688,101646,101646,4270308,1736218260.0
Tue-07-Jan-25,02:52:00,101646,101664,101639,101664,2236212,1736218320.0
Tue-07-Jan-25,02:53:00,101664,101667,101653,101654,1829952,1736218380.0
Tue-07-Jan-25,02:54:00,101654,101654,101591,101619,6505856,1736218440.0
Tue-07-Jan-25,02:55:00,101619,101657,101619,101646,3861522,1736218500.0
Tue-07-Jan-25,02:56:00,101646,101646,101620,101630,1727982,1736218560.0
Tue-07-Jan-25,02:57:00,101630,101661,101608,101646,3048900,1736218620.0
Tue-07-Jan-25,02:58:00,101646,101646,101629,101629,2846088,1736218680.0
Tue-07-Jan-25,02:59:00,101629,101646,101610,101623,2439096,1736218740.0
Tue-07-Jan-25,03:00:00,101623,101640,101622,101636,2642198,1736218800.0
Tue-07-Jan-25,03:01:00,101636,101738,101626,101677,25002456,1736218860.0
Tue-07-Jan-25,03:02:00,101677,101677,101616,101616,1728509,1736218920.0
Tue-07-Jan-25,03:03:00,101616,101688,101616,101685,4369488,1736218980.0
Tue-07-Jan-25,03:04:00,101685,101739,101685,101732,4372455,1736219040.0
Tue-07-Jan-25,03:05:00,101732,101739,101693,101710,2950228,1736219100.0
Tue-07-Jan-25,03:06:00,101710,101732,101710,101715,1729070,1736219160.0
Tue-07-Jan-25,03:07:00,101715,101728,101715,101718,2949735,1736219220.0
Tue-07-Jan-25,03:08:00,101718,101730,101704,101714,3153258,1736219280.0
Tue-07-Jan-25,03:09:00,101714,101725,101658,101686,4271988,1736219340.0
Tue-07-Jan-25,03:10:00,101686,101725,101684,101724,1423604,1736219400.0
Tue-07-Jan-25,03:11:00,101724,101780,101688,101741,5391372,1736219460.0
Tue-07-Jan-25,03:12:00,101741,101770,101724,101751,2238302,1736219520.0
Tue-07-Jan-25,03:13:00,101751,101762,101694,101694,4477044,1736219580.0
Tue-07-Jan-25,03:14:00,101694,101694,101586,101606,21355740,1736219640.0
Tue-07-Jan-25,03:15:00,101606,101625,101600,101616,3048180,1736219700.0
Tue-07-Jan-25,03:16:00,101616,101659,101616,101659,1422624,1736219760.0
Tue-07-Jan-25,03:17:00,101659,101670,101634,101670,2541475,1736219820.0
Tue-07-Jan-25,03:18:00,101670,101670,101635,101635,3253440,1736219880.0
Tue-07-Jan-25,03:19:00,101635,101635,101626,101631,813080,1736219940.0
Tue-07-Jan-25,03:20:00,101631,101659,101631,101659,1422834,1736220000.0
Tue-07-Jan-25,03:21:00,101659,101659,101600,101604,2846452,1736220060.0
Tue-07-Jan-25,03:22:00,101604,101617,101600,101600,2133684,1736220120.0
Tue-07-Jan-25,03:23:00,101600,101603,101586,101603,2133600,1736220180.0
Tue-07-Jan-25,03:24:00,101603,101614,101600,101601,812824,1736220240.0
Tue-07-Jan-25,03:25:00,101601,101609,101586,101608,1016010,1736220300.0
Tue-07-Jan-25,03:26:00,101608,101630,101595,101630,2336984,1736220360.0
Tue-07-Jan-25,03:27:00,101630,101631,101586,101586,711410,1736220420.0
Tue-07-Jan-25,03:28:00,101586,101618,101575,101597,5790402,1736220480.0
Tue-07-Jan-25,03:29:00,101597,101619,101597,101612,2539925,1736220540.0
Tue-07-Jan-25,03:30:00,101612,101614,101590,101612,711284,1736220600.0
Tue-07-Jan-25,03:31:00,101612,101614,101590,101613,1727404,1736220660.0
Tue-07-Jan-25,03:32:00,101613,101643,101600,101643,1117743,1736220720.0
Tue-07-Jan-25,03:33:00,101643,101650,101631,101631,813144,1736220780.0
Tue-07-Jan-25,03:34:00,101631,101670,101631,101670,1016310,1736220840.0
Tue-07-Jan-25,03:35:00,101670,101732,101662,101732,2643420,1736220900.0
Tue-07-Jan-25,03:36:00,101732,101776,101732,101762,2543300,1736220960.0
Tue-07-Jan-25,03:37:00,101762,101762,101715,101719,1628192,1736221020.0
Tue-07-Jan-25,03:38:00,101719,101743,101694,101694,2339537,1736221080.0
Tue-07-Jan-25,03:39:00,101694,101694,101667,101667,813552,1736221140.0
Tue-07-Jan-25,03:40:00,101667,101667,101656,101656,915003,1736221200.0
Tue-07-Jan-25,03:41:00,101656,101656,101654,101654,406624,1736221260.0
Tue-07-Jan-25,03:42:00,101654,101662,101621,101621,2744658,1736221320.0
Tue-07-Jan-25,03:43:00,101621,101629,101619,101619,914589,1736221380.0
Tue-07-Jan-25,03:44:00,101619,101619,101567,101567,4267998,1736221440.0
Tue-07-Jan-25,03:45:00,101567,101587,101548,101548,5281484,1736221500.0
Tue-07-Jan-25,03:46:00,101548,101548,101510,101510,4874304,1736221560.0
Tue-07-Jan-25,03:47:00,101510,101539,101507,101507,2233220,1736221620.0
Tue-07-Jan-25,03:48:00,101507,101539,101507,101528,5582885,1736221680.0
Tue-07-Jan-25,03:49:00,101528,101539,101521,101524,1421392,1736221740.0
Tue-07-Jan-25,03:50:00,101524,101524,101507,101510,2335052,1736221800.0
Tue-07-Jan-25,03:51:00,101510,101510,101454,101502,8831370,1736221860.0
Tue-07-Jan-25,03:52:00,101502,101534,101502,101534,1827036,1736221920.0
Tue-07-Jan-25,03:53:00,101534,101594,101525,101590,2538350,1736221980.0
Tue-07-Jan-25,03:54:00,101590,101597,101590,101596,1930210,1736222040.0
Tue-07-Jan-25,03:55:00,101596,101651,101595,101651,2743092,1736222100.0
Tue-07-Jan-25,03:56:00,101651,101664,101651,101653,2642926,1736222160.0
Tue-07-Jan-25,03:57:00,101653,101680,101653,101680,1728101,1736222220.0
Tue-07-Jan-25,03:58:00,101680,101686,101668,101668,2338640,1736222280.0
Tue-07-Jan-25,03:59:00,101668,101668,101651,101651,2236696,1736222340.0
Tue-07-Jan-25,04:00:00,101651,101725,101651,101697,2947879,1736222400.0
Tue-07-Jan-25,04:01:00,101697,101732,101697,101732,1830546,1736222460.0
Tue-07-Jan-25,04:02:00,101732,101736,101707,101712,4781404,1736222520.0
Tue-07-Jan-25,04:03:00,101712,101776,101705,101768,5187312,1736222580.0
Tue-07-Jan-25,04:04:00,101768,101778,101734,101734,1730056,1736222640.0
Tue-07-Jan-25,04:05:00,101734,101734,101687,101687,3052020,1736222700.0
Tue-07-Jan-25,04:06:00,101687,101717,101687,101712,813496,1736222760.0
Tue-07-Jan-25,04:07:00,101712,101748,101700,101738,2542800,1736222820.0
Tue-07-Jan-25,04:08:00,101738,101745,101723,101745,1526070,1736222880.0
Tue-07-Jan-25,04:09:00,101745,101773,101738,101758,1729665,1736222940.0
Tue-07-Jan-25,04:10:00,101758,101758,101720,101735,1322854,1736223000.0
Tue-07-Jan-25,04:11:00,101735,101755,101735,101755,508675,1736223060.0
Tue-07-Jan-25,04:12:00,101755,101766,101755,101766,712285,1736223120.0
Tue-07-Jan-25,04:13:00,101766,101783,101766,101776,915894,1736223180.0
Tue-07-Jan-25,04:14:00,101776,101827,101776,101825,8752736,1736223240.0
Tue-07-Jan-25,04:15:00,101825,101837,101797,101797,4174825,1736223300.0
Tue-07-Jan-25,04:16:00,101797,101797,101770,101775,1832346,1736223360.0
Tue-07-Jan-25,04:17:00,101775,101775,101759,101759,305325,1736223420.0
Tue-07-Jan-25,04:18:00,101759,101770,101759,101765,1017590,1736223480.0
Tue-07-Jan-25,04:19:00,101765,101765,101744,101744,508825,1736223540.0
Tue-07-Jan-25,04:20:00,101744,101776,101744,101767,1220928,1736223600.0
Tue-07-Jan-25,04:21:00,101767,101773,101755,101773,508835,1736223660.0
Tue-07-Jan-25,04:22:00,101773,101773,101765,101765,203546,1736223720.0
Tue-07-Jan-25,04:23:00,101765,101765,101760,101760,407060,1736223780.0
Tue-07-Jan-25,04:24:00,101760,101775,101750,101775,1322880,1736223840.0
Tue-07-Jan-25,04:25:00,101775,101775,101775,101775,101775,1736223900.0
Tue-07-Jan-25,04:26:00,101775,101781,101775,101781,508875,1736223960.0
Tue-07-Jan-25,04:27:00,101781,101782,101780,101782,203562,1736224020.0
Tue-07-Jan-25,04:28:00,101782,101782,101782,101782,305346,1736224080.0
Tue-07-Jan-25,04:29:00,101782,101838,101782,101834,3460588,1736224140.0
Tue-07-Jan-25,04:30:00,101834,101869,101834,101869,2138514,1736224200.0
Tue-07-Jan-25,04:31:00,101869,101869,101824,101824,2342987,1736224260.0
Tue-07-Jan-25,04:32:00,101824,101836,101793,101836,2036480,1736224320.0
Tue-07-Jan-25,04:33:00,101836,101836,101823,101824,305508,1736224380.0
Tue-07-Jan-25,04:34:00,101824,101836,101816,101836,814592,1736224440.0
Tue-07-Jan-25,04:35:00,101836,101848,101836,101848,1018360,1736224500.0
Tue-07-Jan-25,04:36:00,101848,101848,101835,101835,509240,1736224560.0
Tue-07-Jan-25,04:37:00,101835,101846,101822,101846,1018350,1736224620.0
Tue-07-Jan-25,04:38:00,101846,101880,101846,101880,2138766,1736224680.0
Tue-07-Jan-25,04:39:00,101880,101884,101874,101874,1324440,1736224740.0
Tue-07-Jan-25,04:40:00,101874,101874,101829,101829,1018740,1736224800.0
Tue-07-Jan-25,04:41:00,101829,101829,101770,101772,1934751,1736224860.0
Tue-07-Jan-25,04:42:00,101772,101772,101713,101746,3765564,1736224920.0
Tue-07-Jan-25,04:43:00,101746,101756,101732,101747,1831428,1736224980.0
Tue-07-Jan-25,04:44:00,101747,101747,101726,101735,1424458,1736225040.0
Tue-07-Jan-25,04:45:00,101735,101770,101732,101770,1322555,1736225100.0
Tue-07-Jan-25,04:46:00,101770,101770,101715,101748,1933630,1736225160.0
Tue-07-Jan-25,04:47:00,101748,101760,101742,101742,1322724,1736225220.0
Tue-07-Jan-25,04:48:00,101742,101745,101730,101736,813936,1736225280.0
Tue-07-Jan-25,04:49:00,101736,101766,101736,101766,915624,1736225340.0
Tue-07-Jan-25,04:50:00,101766,101767,101719,101727,712362,1736225400.0
Tue-07-Jan-25,04:51:00,101727,101727,101717,101726,2237994,1736225460.0
Tue-07-Jan-25,04:52:00,101726,101726,101699,101699,1627616,1736225520.0
Tue-07-Jan-25,04:53:00,101699,101719,101699,101707,1423786,1736225580.0
Tue-07-Jan-25,04:54:00,101707,101717,101706,101717,305121,1736225640.0
Tue-07-Jan-25,04:55:00,101717,101718,101703,101718,1627472,1736225700.0
Tue-07-Jan-25,04:56:00,101718,101718,101691,101691,813744,1736225760.0
Tue-07-Jan-25,04:57:00,101691,101691,101666,101666,610146,1736225820.0
Tue-07-Jan-25,04:58:00,101666,101666,101650,101664,1423324,1736225880.0
Tue-07-Jan-25,04:59:00,101664,101664,101615,101615,1016640,1736225940.0
Tue-07-Jan-25,05:00:00,101615,101630,101573,101573,3759755,1736226000.0
Tue-07-Jan-25,05:01:00,101573,101590,101537,101549,5586515,1736226060.0
Tue-07-Jan-25,05:02:00,101549,101594,101525,101580,11170390,1736226120.0
Tue-07-Jan-25,05:03:00,101580,101659,101580,101655,3250560,1736226180.0
Tue-07-Jan-25,05:04:00,101655,101696,101655,101696,1524825,1736226240.0
Tue-07-Jan-25,05:05:00,101696,101725,101678,101712,4067840,1736226300.0
Tue-07-Jan-25,05:06:00,101712,101712,101696,101710,711984,1736226360.0
Tue-07-Jan-25,05:07:00,101710,101720,101710,101716,1322230,1736226420.0
Tue-07-Jan-25,05:08:00,101716,101717,101708,101708,406864,1736226480.0
Tue-07-Jan-25,05:09:00,101708,101724,101708,101724,813664,1736226540.0
Tue-07-Jan-25,05:10:00,101724,101727,101694,101705,2237928,1736226600.0
Tue-07-Jan-25,05:11:00,101705,101725,101703,101703,406820,1736226660.0
Tue-07-Jan-25,05:12:00,101703,101720,101703,101709,915327,1736226720.0
Tue-07-Jan-25,05:13:00,101709,101710,101689,101689,508545,1736226780.0
Tue-07-Jan-25,05:14:00,101689,101689,101651,101671,1016890,1736226840.0
Tue-07-Jan-25,05:15:00,101671,101680,101663,101680,711697,1736226900.0
Tue-07-Jan-25,05:16:00,101680,101680,101670,101670,1016800,1736226960.0
Tue-07-Jan-25,05:17:00,101670,101680,101670,101680,508350,1736227020.0
Tue-07-Jan-25,05:18:00,101680,101710,101680,101708,1525200,1736227080.0
Tue-07-Jan-25,05:19:00,101708,101733,101708,101733,1525620,1736227140.0
Tue-07-Jan-25,05:20:00,101733,101733,101637,101640,2746791,1736227200.0
Tue-07-Jan-25,05:21:00,101640,101654,101633,101633,3760680,1736227260.0
Tue-07-Jan-25,05:22:00,101633,101650,101633,101648,1626128,1736227320.0
Tue-07-Jan-25,05:23:00,101648,101648,101584,101593,3049440,1736227380.0
Tue-07-Jan-25,05:24:00,101593,101593,101546,101580,4571685,1736227440.0
Tue-07-Jan-25,05:25:00,101580,101610,101574,101574,4571100,1736227500.0
Tue-07-Jan-25,05:26:00,101574,101591,101574,101591,609444,1736227560.0
Tue-07-Jan-25,05:27:00,101591,101610,101591,101600,812728,1736227620.0
Tue-07-Jan-25,05:28:00,101600,101638,101600,101638,1117600,1736227680.0
Tue-07-Jan-25,05:29:00,101638,101656,101638,101656,1321294,1736227740.0
Tue-07-Jan-25,05:30:00,101656,101656,101642,101642,1524840,1736227800.0
Tue-07-Jan-25,05:31:00,101642,101648,101638,101648,711494,1736227860.0
Tue-07-Jan-25,05:32:00,101648,101648,101642,101642,1016480,1736227920.0
Tue-07-Jan-25,05:33:00,101642,101642,101625,101640,1931198,1736227980.0
Tue-07-Jan-25,05:34:00,101640,101688,101640,101688,1118040,1736228040.0
Tue-07-Jan-25,05:35:00,101688,101688,101644,101680,1118568,1736228100.0
Tue-07-Jan-25,05:36:00,101680,101680,101657,101675,1321840,1736228160.0
Tue-07-Jan-25,05:37:00,101675,101675,101593,101602,7218925,1736228220.0
Tue-07-Jan-25,05:38:00,101602,101622,101572,101622,3352866,1736228280.0
Tue-07-Jan-25,05:39:00,101622,101628,101611,101619,812976,1736228340.0
Tue-07-Jan-25,05:40:00,101619,101622,101590,101622,812952,1736228400.0
Tue-07-Jan-25,05:41:00,101622,101645,101620,101645,1321086,1736228460.0
Tue-07-Jan-25,05:42:00,101645,101645,101598,101599,1219740,1736228520.0
Tue-07-Jan-25,05:43:00,101599,101599,101569,101577,2133579,1736228580.0
Tue-07-Jan-25,05:44:00,101577,101594,101572,101593,1218924,1736228640.0
Tue-07-Jan-25,05:45:00,101593,101593,101572,101590,1727081,1736228700.0
Tue-07-Jan-25,05:46:00,101590,101643,101590,101622,609540,1736228760.0
Tue-07-Jan-25,05:47:00,101622,101650,101616,101650,711354,1736228820.0
Tue-07-Jan-25,05:48:00,101650,101680,101643,101668,1829700,1736228880.0
Tue-07-Jan-25,05:49:00,101668,101675,101651,101655,711676,1736228940.0
Tue-07-Jan-25,05:50:00,101655,101674,101655,101674,203310,1736229000.0
Tue-07-Jan-25,05:51:00,101674,101684,101661,101679,508370,1736229060.0
Tue-07-Jan-25,05:52:00,101679,101679,101660,101667,508395,1736229120.0
Tue-07-Jan-25,05:53:00,101667,101669,101660,101669,305001,1736229180.0
Tue-07-Jan-25,05:54:00,101669,101700,101667,101694,813352,1736229240.0
Tue-07-Jan-25,05:55:00,101694,101694,101686,101686,406776,1736229300.0
Tue-07-Jan-25,05:56:00,101686,101686,101682,101685,305058,1736229360.0
Tue-07-Jan-25,05:57:00,101685,101696,101685,101696,406740,1736229420.0
Tue-07-Jan-25,05:58:00,101696,101697,101687,101687,1728832,1736229480.0
Tue-07-Jan-25,05:59:00,101687,101690,101687,101687,813496,1736229540.0
Tue-07-Jan-25,06:00:00,101687,101687,101658,101658,1321931,1736229600.0
Tue-07-Jan-25,06:01:00,101658,101666,101645,101656,813264,1736229660.0
Tue-07-Jan-25,06:02:00,101656,101656,101628,101628,1626496,1736229720.0
Tue-07-Jan-25,06:03:00,101628,101632,101628,101632,101628,1736229780.0
Tue-07-Jan-25,06:04:00,101632,101632,101615,101615,1016320,1736229840.0
Tue-07-Jan-25,06:05:00,101615,101621,101590,101590,2235530,1736229900.0
Tue-07-Jan-25,06:06:00,101590,101610,101580,101610,1930210,1736229960.0
Tue-07-Jan-25,06:07:00,101610,101682,101594,101629,14936670,1736230020.0
Tue-07-Jan-25,06:08:00,101629,101653,101629,101641,813032,1736230080.0
Tue-07-Jan-25,06:09:00,101641,101647,101633,101639,609846,1736230140.0
Tue-07-Jan-25,06:10:00,101639,101639,101639,101639,304917,1736230200.0
Tue-07-Jan-25,06:11:00,101639,101649,101596,101596,2337697,1736230260.0
Tue-07-Jan-25,06:12:00,101596,101596,101593,101593,304788,1736230320.0
Tue-07-Jan-25,06:13:00,101593,101639,101593,101639,1320709,1736230380.0
Tue-07-Jan-25,06:14:00,101639,101694,101634,101694,1219668,1736230440.0
Tue-07-Jan-25,06:15:00,101694,101775,101694,101775,4779618,1736230500.0
Tue-07-Jan-25,06:16:00,101775,101818,101775,101805,2849700,1736230560.0
Tue-07-Jan-25,06:17:00,101805,101806,101765,101799,4683030,1736230620.0
Tue-07-Jan-25,06:18:00,101799,101800,101770,101780,3359367,1736230680.0
Tue-07-Jan-25,06:19:00,101780,101780,101772,101772,1526700,1736230740.0
Tue-07-Jan-25,06:20:00,101772,101829,101770,101829,2442528,1736230800.0
Tue-07-Jan-25,06:21:00,101829,101838,101822,101834,2036580,1736230860.0
Tue-07-Jan-25,06:22:00,101834,101834,101821,101821,1222008,1736230920.0
Tue-07-Jan-25,06:23:00,101821,101821,101821,101821,305463,1736230980.0
Tue-07-Jan-25,06:24:00,101821,101840,101821,101833,1425494,1736231040.0
Tue-07-Jan-25,06:25:00,101833,101850,101833,101836,2647658,1736231100.0
Tue-07-Jan-25,06:26:00,101836,101838,101809,101838,2953244,1736231160.0
Tue-07-Jan-25,06:27:00,101838,101838,101814,101814,1018380,1736231220.0
Tue-07-Jan-25,06:28:00,101814,101814,101776,101776,1119954,1736231280.0
Tue-07-Jan-25,06:29:00,101776,101786,101764,101786,407104,1736231340.0
Tue-07-Jan-25,06:30:00,101786,101808,101786,101786,2341078,1736231400.0
Tue-07-Jan-25,06:31:00,101786,101787,101763,101763,610716,1736231460.0
Tue-07-Jan-25,06:32:00,101763,101776,101760,101776,508815,1736231520.0
Tue-07-Jan-25,06:33:00,101776,101808,101776,101808,1119536,1736231580.0
Tue-07-Jan-25,06:34:00,101808,101815,101787,101803,1527120,1736231640.0
Tue-07-Jan-25,06:35:00,101803,101809,101800,101809,712621,1736231700.0
Tue-07-Jan-25,06:36:00,101809,101809,101768,101774,814472,1736231760.0
Tue-07-Jan-25,06:37:00,101774,101800,101774,101788,1628384,1736231820.0
Tue-07-Jan-25,06:38:00,101788,101800,101777,101777,916092,1736231880.0
Tue-07-Jan-25,06:39:00,101777,101777,101755,101765,1526655,1736231940.0
Tue-07-Jan-25,06:40:00,101765,101765,101740,101740,1119415,1736232000.0
Tue-07-Jan-25,06:41:00,101740,101750,101724,101750,1424360,1736232060.0
Tue-07-Jan-25,06:42:00,101750,101776,101750,101767,1322750,1736232120.0
Tue-07-Jan-25,06:43:00,101767,101787,101765,101787,1221204,1736232180.0
Tue-07-Jan-25,06:44:00,101787,101800,101777,101781,1119657,1736232240.0
Tue-07-Jan-25,06:45:00,101781,101781,101755,101755,508905,1736232300.0
Tue-07-Jan-25,06:46:00,101755,101755,101745,101745,305265,1736232360.0
Tue-07-Jan-25,06:47:00,101745,101755,101745,101755,1322685,1736232420.0
Tue-07-Jan-25,06:48:00,101755,101755,101724,101724,1119305,1736232480.0
Tue-07-Jan-25,06:49:00,101724,101724,101714,101716,610344,1736232540.0
Tue-07-Jan-25,06:50:00,101716,101732,101716,101718,1830888,1736232600.0
Tue-07-Jan-25,06:51:00,101718,101718,101718,101718,305154,1736232660.0
Tue-07-Jan-25,06:52:00,101718,101734,101718,101726,712026,1736232720.0
Tue-07-Jan-25,06:53:00,101726,101726,101720,101720,406904,1736232780.0
Tue-07-Jan-25,06:54:00,101720,101732,101720,101732,1118920,1736232840.0
Tue-07-Jan-25,06:55:00,101732,101750,101732,101745,915588,1736232900.0
Tue-07-Jan-25,06:56:00,101745,101750,101734,101734,1322685,1736232960.0
Tue-07-Jan-25,06:57:00,101734,101779,101734,101766,3865892,1736233020.0
Tue-07-Jan-25,06:58:00,101766,101766,101759,101760,915894,1736233080.0
Tue-07-Jan-25,06:59:00,101760,101760,101760,101760,203520,1736233140.0
Tue-07-Jan-25,07:00:00,101760,101766,101746,101766,1221120,1736233200.0
Tue-07-Jan-25,07:01:00,101766,101776,101766,101776,1119426,1736233260.0
Tue-07-Jan-25,07:02:00,101776,101883,101776,101883,4376368,1736233320.0
Tue-07-Jan-25,07:03:00,101883,101950,101883,101943,11614662,1736233380.0
Tue-07-Jan-25,07:04:00,101943,101975,101943,101975,7339896,1736233440.0
Tue-07-Jan-25,07:05:00,101975,101975,101906,101906,7240225,1736233500.0
Tue-07-Jan-25,07:06:00,101906,101929,101892,101926,2751462,1736233560.0
Tue-07-Jan-25,07:07:00,101926,101929,101912,101922,1528890,1736233620.0
Tue-07-Jan-25,07:08:00,101922,101922,101901,101910,1630752,1736233680.0
Tue-07-Jan-25,07:09:00,101910,101910,101882,101908,2343930,1736233740.0
Tue-07-Jan-25,07:10:00,101908,101908,101900,101900,407632,1736233800.0
Tue-07-Jan-25,07:11:00,101900,101916,101900,101916,1222800,1736233860.0
Tue-07-Jan-25,07:12:00,101916,101927,101898,101907,2649816,1736233920.0
Tue-07-Jan-25,07:13:00,101907,101908,101895,101895,1324791,1736233980.0
Tue-07-Jan-25,07:14:00,101895,101895,101815,101815,8661075,1736234040.0
Tue-07-Jan-25,07:15:00,101815,101815,101780,101780,2545375,1736234100.0
Tue-07-Jan-25,07:16:00,101780,101780,101762,101762,1323140,1736234160.0
Tue-07-Jan-25,07:17:00,101762,101762,101750,101750,1119382,1736234220.0
Tue-07-Jan-25,07:18:00,101750,101750,101739,101739,1221000,1736234280.0
Tue-07-Jan-25,07:19:00,101739,101803,101739,101787,1831302,1736234340.0
Tue-07-Jan-25,07:20:00,101787,101787,101756,101756,610722,1736234400.0
Tue-07-Jan-25,07:21:00,101756,101765,101740,101747,1017560,1736234460.0
Tue-07-Jan-25,07:22:00,101747,101770,101747,101764,1220964,1736234520.0
Tue-07-Jan-25,07:23:00,101764,101781,101755,101778,610584,1736234580.0
Tue-07-Jan-25,07:24:00,101778,101778,101748,101748,814224,1736234640.0
Tue-07-Jan-25,07:25:00,101748,101748,101726,101726,1322724,1736234700.0
Tue-07-Jan-25,07:26:00,101726,101745,101724,101724,1220712,1736234760.0
Tue-07-Jan-25,07:27:00,101724,101724,101718,101724,610344,1736234820.0
Tue-07-Jan-25,07:28:00,101724,101754,101724,101729,1525860,1736234880.0
Tue-07-Jan-25,07:29:00,101729,101730,101720,101730,813832,1736234940.0
Tue-07-Jan-25,07:30:00,101730,101758,101726,101758,1017300,1736235000.0
Tue-07-Jan-25,07:31:00,101758,101758,101744,101750,1119338,1736235060.0
Tue-07-Jan-25,07:32:00,101750,101755,101744,101744,915750,1736235120.0
Tue-07-Jan-25,07:33:00,101744,101744,101720,101720,1627904,1736235180.0
Tue-07-Jan-25,07:34:00,101720,101720,101666,101670,3661920,1736235240.0
Tue-07-Jan-25,07:35:00,101670,101670,101626,101629,5896860,1736235300.0
Tue-07-Jan-25,07:36:00,101629,101712,101616,101684,4065160,1736235360.0
Tue-07-Jan-25,07:37:00,101684,101713,101670,101690,2948836,1736235420.0
Tue-07-Jan-25,07:38:00,101690,101712,101690,101712,1220280,1736235480.0
Tue-07-Jan-25,07:39:00,101712,101756,101711,101756,2135952,1736235540.0
Tue-07-Jan-25,07:40:00,101756,101772,101749,101761,4477264,1736235600.0
Tue-07-Jan-25,07:41:00,101761,101761,101728,101729,1221132,1736235660.0
Tue-07-Jan-25,07:42:00,101729,101729,101709,101709,610374,1736235720.0
Tue-07-Jan-25,07:43:00,101709,101727,101709,101716,1729053,1736235780.0
Tue-07-Jan-25,07:44:00,101716,101719,101709,101714,1220592,1736235840.0
Tue-07-Jan-25,07:45:00,101714,101714,101682,101682,1627424,1736235900.0
Tue-07-Jan-25,07:46:00,101682,101700,101682,101700,1016820,1736235960.0
Tue-07-Jan-25,07:47:00,101700,101700,101690,101690,1728900,1736236020.0
Tue-07-Jan-25,07:48:00,101690,101690,101690,101690,711830,1736236080.0
Tue-07-Jan-25,07:49:00,101690,101700,101680,101681,2135490,1736236140.0
Tue-07-Jan-25,07:50:00,101681,101681,101661,101681,2847068,1736236200.0
Tue-07-Jan-25,07:51:00,101681,101690,101681,101690,813448,1736236260.0
Tue-07-Jan-25,07:52:00,101690,101690,101668,101682,1321970,1736236320.0
Tue-07-Jan-25,07:53:00,101682,101689,101675,101675,1423548,1736236380.0
Tue-07-Jan-25,07:54:00,101675,101675,101652,101659,2643550,1736236440.0
Tue-07-Jan-25,07:55:00,101659,101663,101652,101657,1728203,1736236500.0
Tue-07-Jan-25,07:56:00,101657,101657,101624,101624,1626512,1736236560.0
Tue-07-Jan-25,07:57:00,101624,101624,101604,101611,1829232,1736236620.0
Tue-07-Jan-25,07:58:00,101611,101633,101606,101625,1727387,1736236680.0
Tue-07-Jan-25,07:59:00,101625,101646,101618,101646,1930875,1736236740.0
Tue-07-Jan-25,08:00:00,101646,101716,101646,101716,2846088,1736236800.0
Tue-07-Jan-25,08:01:00,101716,101716,101636,101639,5594380,1736236860.0
Tue-07-Jan-25,08:02:00,101639,101647,101609,101616,4370477,1736236920.0
Tue-07-Jan-25,08:03:00,101616,101686,101616,101670,2235552,1736236980.0
Tue-07-Jan-25,08:04:00,101670,101710,101657,101699,2541750,1736237040.0
Tue-07-Jan-25,08:05:00,101699,101699,101653,101696,1016990,1736237100.0
Tue-07-Jan-25,08:06:00,101696,101710,101696,101706,1322048,1736237160.0
Tue-07-Jan-25,08:07:00,101706,101706,101653,101653,711942,1736237220.0
Tue-07-Jan-25,08:08:00,101653,101665,101653,101658,813224,1736237280.0
Tue-07-Jan-25,08:09:00,101658,101663,101643,101658,2439792,1736237340.0
Tue-07-Jan-25,08:10:00,101658,101658,101622,101622,609948,1736237400.0
Tue-07-Jan-25,08:11:00,101622,101622,101612,101612,711354,1736237460.0
Tue-07-Jan-25,08:12:00,101612,101612,101580,101600,5385436,1736237520.0
Tue-07-Jan-25,08:13:00,101600,101640,101596,101602,2133600,1736237580.0
Tue-07-Jan-25,08:14:00,101602,101602,101599,101599,406408,1736237640.0
Tue-07-Jan-25,08:15:00,101599,101630,101579,101630,2641574,1736237700.0
Tue-07-Jan-25,08:16:00,101630,101695,101617,101648,2134230,1736237760.0
Tue-07-Jan-25,08:17:00,101648,101652,101622,101622,2032960,1736237820.0
Tue-07-Jan-25,08:18:00,101622,101634,101600,101600,711354,1736237880.0
Tue-07-Jan-25,08:19:00,101600,101633,101595,101629,1320800,1736237940.0
Tue-07-Jan-25,08:20:00,101629,101696,101626,101695,1219548,1736238000.0
Tue-07-Jan-25,08:21:00,101695,101711,101685,101711,813560,1736238060.0
Tue-07-Jan-25,08:22:00,101711,101748,101711,101741,2542775,1736238120.0
Tue-07-Jan-25,08:23:00,101741,101753,101733,101753,1627856,1736238180.0
Tue-07-Jan-25,08:24:00,101753,101783,101747,101747,5494662,1736238240.0
Tue-07-Jan-25,08:25:00,101747,101774,101730,101774,1424458,1736238300.0
Tue-07-Jan-25,08:26:00,101774,101774,101745,101746,407096,1736238360.0
Tue-07-Jan-25,08:27:00,101746,101769,101745,101762,1729682,1736238420.0
Tue-07-Jan-25,08:28:00,101762,101775,101751,101772,814096,1736238480.0
Tue-07-Jan-25,08:29:00,101772,101791,101750,101750,1017720,1736238540.0
Tue-07-Jan-25,08:30:00,101750,101791,101738,101780,3154250,1736238600.0
Tue-07-Jan-25,08:31:00,101780,101808,101779,101791,2035600,1736238660.0
Tue-07-Jan-25,08:32:00,101791,101796,101775,101786,2035820,1736238720.0
Tue-07-Jan-25,08:33:00,101786,101786,101745,101745,814288,1736238780.0
Tue-07-Jan-25,08:34:00,101745,101792,101745,101792,712215,1736238840.0
Tue-07-Jan-25,08:35:00,101792,101807,101781,101788,814336,1736238900.0
Tue-07-Jan-25,08:36:00,101788,101788,101746,101746,814304,1736238960.0
Tue-07-Jan-25,08:37:00,101746,101773,101730,101765,4375078,1736239020.0
Tue-07-Jan-25,08:38:00,101765,101789,101765,101786,1730005,1736239080.0
Tue-07-Jan-25,08:39:00,101786,101836,101786,101836,3155366,1736239140.0
Tue-07-Jan-25,08:40:00,101836,101836,101817,101829,1527540,1736239200.0
Tue-07-Jan-25,08:41:00,101829,101850,101829,101841,1323777,1736239260.0
Tue-07-Jan-25,08:42:00,101841,101842,101804,101817,2546025,1736239320.0
Tue-07-Jan-25,08:43:00,101817,101877,101817,101875,4479948,1736239380.0
Tue-07-Jan-25,08:44:00,101875,101875,101830,101847,6520000,1736239440.0
Tue-07-Jan-25,08:45:00,101847,101847,101796,101805,1120317,1736239500.0
Tue-07-Jan-25,08:46:00,101805,101868,101805,101868,2545125,1736239560.0
Tue-07-Jan-25,08:47:00,101868,101940,101868,101940,5195268,1736239620.0
Tue-07-Jan-25,08:48:00,101940,101966,101925,101966,4077600,1736239680.0
Tue-07-Jan-25,08:49:00,101966,101966,101930,101956,5710096,1736239740.0
Tue-07-Jan-25,08:50:00,101956,101956,101907,101921,4078240,1736239800.0
Tue-07-Jan-25,08:51:00,101921,101921,101905,101911,2446104,1736239860.0
Tue-07-Jan-25,08:52:00,101911,101911,101874,101904,2343953,1736239920.0
Tue-07-Jan-25,08:53:00,101904,101917,101901,101912,1630464,1736239980.0
Tue-07-Jan-25,08:54:00,101912,101914,101865,101882,3261184,1736240040.0
Tue-07-Jan-25,08:55:00,101882,101885,101874,101880,1630112,1736240100.0
Tue-07-Jan-25,08:56:00,101880,101880,101851,101869,1935720,1736240160.0
Tue-07-Jan-25,08:57:00,101869,101900,101868,101900,3667284,1736240220.0
Tue-07-Jan-25,08:58:00,101900,101900,101870,101870,1120900,1736240280.0
Tue-07-Jan-25,08:59:00,101870,101879,101865,101872,1629920,1736240340.0
Tue-07-Jan-25,09:00:00,101872,101895,101872,101895,1324336,1736240400.0
Tue-07-Jan-25,09:01:00,101895,101895,101843,101843,4177695,1736240460.0
Tue-07-Jan-25,09:02:00,101843,101870,101833,101870,2546075,1736240520.0
Tue-07-Jan-25,09:03:00,101870,101886,101862,101865,1120570,1736240580.0
Tue-07-Jan-25,09:04:00,101865,101865,101836,101836,509325,1736240640.0
Tue-07-Jan-25,09:05:00,101836,101836,101806,101811,1222032,1736240700.0
Tue-07-Jan-25,09:06:00,101811,101811,101791,101791,1221732,1736240760.0
Tue-07-Jan-25,09:07:00,101791,101791,101775,101775,1526865,1736240820.0
Tue-07-Jan-25,09:08:00,101775,101804,101775,101797,2442600,1736240880.0
Tue-07-Jan-25,09:09:00,101797,101843,101797,101840,1425158,1736240940.0
Tue-07-Jan-25,09:10:00,101840,101862,101840,101849,1222080,1736241000.0
Tue-07-Jan-25,09:11:00,101849,101849,101833,101833,1120339,1736241060.0
Tue-07-Jan-25,09:12:00,101833,101833,101819,101823,814664,1736241120.0
Tue-07-Jan-25,09:13:00,101823,101840,101823,101840,1018230,1736241180.0
Tue-07-Jan-25,09:14:00,101840,101840,101807,101807,1018400,1736241240.0
Tue-07-Jan-25,09:15:00,101807,101807,101780,101780,610842,1736241300.0
Tue-07-Jan-25,09:16:00,101780,101780,101760,101760,407120,1736241360.0
Tue-07-Jan-25,09:17:00,101760,101813,101760,101787,1628160,1736241420.0
Tue-07-Jan-25,09:18:00,101787,101787,101756,101760,1526805,1736241480.0
Tue-07-Jan-25,09:19:00,101760,101768,101755,101768,2442240,1736241540.0
Tue-07-Jan-25,09:20:00,101768,101768,101755,101758,1119448,1736241600.0
Tue-07-Jan-25,09:21:00,101758,101758,101722,101758,4680868,1736241660.0
Tue-07-Jan-25,09:22:00,101758,101806,101756,101759,5189658,1736241720.0
Tue-07-Jan-25,09:23:00,101759,101778,101712,101712,3256288,1736241780.0
Tue-07-Jan-25,09:24:00,101712,101712,101692,101702,2644512,1736241840.0
Tue-07-Jan-25,09:25:00,101702,101711,101690,101690,2135742,1736241900.0
Tue-07-Jan-25,09:26:00,101690,101700,101681,101683,4372670,1736241960.0
Tue-07-Jan-25,09:27:00,101683,101717,101683,101710,1626928,1736242020.0
Tue-07-Jan-25,09:28:00,101710,101714,101710,101714,813680,1736242080.0
Tue-07-Jan-25,09:29:00,101714,101730,101714,101714,1118854,1736242140.0
Tue-07-Jan-25,09:30:00,101714,101721,101710,101718,2034280,1736242200.0
Tue-07-Jan-25,09:31:00,101718,101728,101703,101728,2644668,1736242260.0
Tue-07-Jan-25,09:32:00,101728,101735,101677,101678,2136288,1736242320.0
Tue-07-Jan-25,09:33:00,101678,101678,101658,101658,1626848,1736242380.0
Tue-07-Jan-25,09:34:00,101658,101667,101658,101658,711606,1736242440.0
Tue-07-Jan-25,09:35:00,101658,101658,101626,101626,2236476,1736242500.0
Tue-07-Jan-25,09:36:00,101626,101646,101611,101633,5386178,1736242560.0
Tue-07-Jan-25,09:37:00,101633,101680,101633,101656,2337559,1736242620.0
Tue-07-Jan-25,09:38:00,101656,101656,101638,101643,1728152,1736242680.0
Tue-07-Jan-25,09:39:00,101643,101684,101643,101681,1524645,1736242740.0
Tue-07-Jan-25,09:40:00,101681,101701,101664,101664,3355473,1736242800.0
Tue-07-Jan-25,09:41:00,101664,101682,101664,101670,1118304,1736242860.0
Tue-07-Jan-25,09:42:00,101670,101670,101643,101643,813360,1736242920.0
Tue-07-Jan-25,09:43:00,101643,101643,101612,101640,3964077,1736242980.0
Tue-07-Jan-25,09:44:00,101640,101640,101619,101627,1118040,1736243040.0
Tue-07-Jan-25,09:45:00,101627,101643,101610,101630,3963453,1736243100.0
Tue-07-Jan-25,09:46:00,101630,101630,101610,101620,1930970,1736243160.0
Tue-07-Jan-25,09:47:00,101620,101620,101596,101604,4776140,1736243220.0
Tue-07-Jan-25,09:48:00,101604,101638,101601,101638,2438496,1736243280.0
Tue-07-Jan-25,09:49:00,101638,101666,101638,101658,2845864,1736243340.0
Tue-07-Jan-25,09:50:00,101658,101676,101650,101650,2439792,1736243400.0
Tue-07-Jan-25,09:51:00,101650,101692,101636,101691,2236300,1736243460.0
Tue-07-Jan-25,09:52:00,101691,101691,101668,101675,813528,1736243520.0
Tue-07-Jan-25,09:53:00,101675,101679,101675,101679,1016750,1736243580.0
Tue-07-Jan-25,09:54:00,101679,101693,101679,101693,1118469,1736243640.0
Tue-07-Jan-25,09:55:00,101693,101693,101660,101660,1830474,1736243700.0
Tue-07-Jan-25,09:56:00,101660,101660,101656,101656,609960,1736243760.0
Tue-07-Jan-25,09:57:00,101656,101682,101656,101682,2134776,1736243820.0
Tue-07-Jan-25,09:58:00,101682,101723,101682,101693,4270644,1736243880.0
Tue-07-Jan-25,09:59:00,101693,101693,101667,101667,915237,1736243940.0
Tue-07-Jan-25,10:00:00,101667,101667,101627,101629,1931673,1736244000.0
Tue-07-Jan-25,10:01:00,101629,101629,101601,101601,2642354,1736244060.0
Tue-07-Jan-25,10:02:00,101601,101601,101571,101575,9144090,1736244120.0
Tue-07-Jan-25,10:03:00,101575,101642,101570,101576,6907100,1736244180.0
Tue-07-Jan-25,10:04:00,101576,101576,101558,101566,4469344,1736244240.0
Tue-07-Jan-25,10:05:00,101566,101607,101566,101607,2234452,1736244300.0
Tue-07-Jan-25,10:06:00,101607,101633,101595,101595,1930533,1736244360.0
Tue-07-Jan-25,10:07:00,101595,101595,101566,101574,1320735,1736244420.0
Tue-07-Jan-25,10:08:00,101574,101584,101533,101533,4672404,1736244480.0
Tue-07-Jan-25,10:09:00,101533,101543,101524,101534,2944457,1736244540.0
Tue-07-Jan-25,10:10:00,101534,101561,101510,101561,3249088,1736244600.0
Tue-07-Jan-25,10:11:00,101561,101561,101377,101429,34429179,1736244660.0
Tue-07-Jan-25,10:12:00,101429,101457,101375,101405,13185770,1736244720.0
Tue-07-Jan-25,10:13:00,101405,101444,101380,101434,3244960,1736244780.0
Tue-07-Jan-25,10:14:00,101434,101449,101397,101405,4057360,1736244840.0
Tue-07-Jan-25,10:15:00,101405,101405,101333,101375,9126450,1736244900.0
Tue-07-Jan-25,10:16:00,101375,101431,101375,101428,4257750,1736244960.0
Tue-07-Jan-25,10:17:00,101428,101428,101392,101396,2028560,1736245020.0
Tue-07-Jan-25,10:18:00,101396,101486,101395,101474,4765612,1736245080.0
Tue-07-Jan-25,10:19:00,101474,101516,101474,101493,7712024,1736245140.0
Tue-07-Jan-25,10:20:00,101493,101505,101470,101470,8728398,1736245200.0
Tue-07-Jan-25,10:21:00,101470,101470,101457,101461,2130870,1736245260.0
Tue-07-Jan-25,10:22:00,101461,101461,101401,101419,8116880,1736245320.0
Tue-07-Jan-25,10:23:00,101419,101446,101419,101446,3042570,1736245380.0
Tue-07-Jan-25,10:24:00,101446,101453,101446,101446,405784,1736245440.0
